support,itemsets
0.011126564673157162,frozenset({' SET 2 TEA TOWELS I LOVE LONDON '})
0.013335515012681012,frozenset({'10 COLOUR SPACEBOY PEN'})
0.01030843491777796,frozenset({'12 MESSAGE CARDS WITH ENVELOPES'})
0.014603616133518776,frozenset({'12 PENCIL SMALL TUBE WOODLAND'})
0.014971774523439417,frozenset({'12 PENCILS SMALL TUBE RED RETROSPOT'})
0.014644522621287737,frozenset({'12 PENCILS SMALL TUBE SKULL'})
0.011085658185388203,frozenset({'12 PENCILS TALL TUBE RED RETROSPOT'})
0.01059478033216068,frozenset({'12 PENCILS TALL TUBE SKULLS'})
0.01034934140554692,frozenset({'12 PENCILS TALL TUBE WOODLAND'})
0.011576536038615725,frozenset({'15CM CHRISTMAS GLASS BALL 20 LIGHTS'})
0.012721917696146608,frozenset({'3 HEARTS HANGING DECORATION RUSTIC'})
0.016280782132046142,frozenset({'3 HOOK PHOTO SHELF ANTIQUE WHITE'})
0.01574899779104966,frozenset({'3 PIECE SPACEBOY COOKIE CUTTER SET'})
0.019307862226949194,frozenset({'3 STRIPEY MICE FELTCRAFT'})
0.013949112329215413,frozenset({'36 PENCILS TUBE RED RETROSPOT'})
0.010799312771005482,frozenset({'36 PENCILS TUBE SKULLS'})
0.019880553055714636,frozenset({'4 TRADITIONAL SPINNING TOPS'})
0.01329460852491205,"frozenset({""6 GIFT TAGS 50'S CHRISTMAS ""})"
0.013458234475987891,frozenset({'6 GIFT TAGS VINTAGE CHRISTMAS '})
0.03931113474597071,frozenset({'6 RIBBONS RUSTIC CHARM'})
0.01808066759388039,frozenset({'60 CAKE CASES DOLLY GIRL DESIGN'})
0.025443835392293217,frozenset({'60 CAKE CASES VINTAGE CHRISTMAS'})
0.03419782377485069,frozenset({'60 TEATIME FAIRY CAKE CASES'})
0.025321115928986337,frozenset({'72 SWEETHEART FAIRY CAKE CASES'})
0.010267528430008999,frozenset({'ADVENT CALENDAR GINGHAM SACK'})
0.014112738280291253,frozenset({'AGED GLASS SILVER T-LIGHT HOLDER'})
0.016567127546428865,frozenset({'AIRLINE BAG VINTAGE TOKYO 78'})
0.011903787940767406,"frozenset({'AIRLINE LOUNGE,METAL SIGN'})"
0.01803976110611143,frozenset({'ALARM CLOCK BAKELIKE CHOCOLATE'})
0.040947394256729115,frozenset({'ALARM CLOCK BAKELIKE GREEN'})
0.023848482369303772,frozenset({'ALARM CLOCK BAKELIKE IVORY'})
0.018898797349259592,frozenset({'ALARM CLOCK BAKELIKE ORANGE'})
0.03268428372739916,frozenset({'ALARM CLOCK BAKELIKE PINK'})
0.04421991327824593,frozenset({'ALARM CLOCK BAKELIKE RED '})
0.011617442526384684,frozenset({'ANTIQUE GLASS DRESSING TABLE POT'})
0.029125419291499633,frozenset({'ANTIQUE SILVER T-LIGHT GLASS'})
0.014603616133518776,frozenset({'ANTIQUE SILVER TEA GLASS ENGRAVED'})
0.01803976110611143,frozenset({'AREA PATROLLED METAL SIGN'})
0.06000981755706455,frozenset({'ASSORTED COLOUR BIRD ORNAMENT'})
0.0159126237421255,frozenset({'ASSORTED COLOUR MINI CASES'})
0.0213531866153972,frozenset({'ASSORTED COLOURS SILK FAN'})
0.012271946330688047,frozenset({'BAG 125g SWIRLY MARBLES'})
0.010267528430008999,frozenset({'BAG 250g SWIRLY MARBLES'})
0.03931113474597071,frozenset({'BAKING SET 9 PIECE RETROSPOT '})
0.019635114129100874,frozenset({'BAKING SET SPACEBOY DESIGN'})
0.014153644768060214,frozenset({'BALLOONS  WRITING SET '})
0.011085658185388203,frozenset({'BATH BUILDING BLOCK WORD'})
0.02601652622105866,frozenset({'BATHROOM METAL SIGN'})
0.01840791949603207,frozenset({'BEWARE OF THE CAT METAL SIGN '})
0.01574899779104966,frozenset({'BINGO SET'})
0.011453816575308844,frozenset({'BIRD HOUSE HOT WATER BOTTLE'})
0.011044751697619242,"frozenset({'BIRTHDAY CARD, RETRO SPOT'})"
0.01284463715945349,"frozenset({""BISCUIT TIN 50'S CHRISTMAS""})"
0.011576536038615725,frozenset({'BISCUIT TIN VINTAGE CHRISTMAS'})
0.01554446535220486,frozenset({'BLACK RECORD COVER FRAME'})
0.011985600916305326,frozenset({'BLACK/BLUE POLKADOT UMBRELLA'})
0.015217213450053179,frozenset({'BLUE DINER WALL CLOCK'})
0.01607624969320134,frozenset({'BLUE HAPPY BIRTHDAY BUNTING'})
0.024748425100220895,frozenset({'BLUE HARMONICA IN BOX '})
0.013253702037143092,frozenset({'BLUE POLKADOT BOWL'})
0.013499140963756852,frozenset({'BLUE POLKADOT CUP'})
0.01562627832774278,frozenset({'BLUE SPOT CERAMIC DRAWER KNOB'})
0.017794322179497668,frozenset({'BLUE STRIPE CERAMIC DRAWER KNOB'})
0.024134827783686492,frozenset({'BOX OF 24 COCKTAIL PARASOLS'})
0.016730753497504705,"frozenset({""BOX OF 6 MINI 50'S CRACKERS""})"
0.01566718481551174,frozenset({'BOX OF 6 MINI VINTAGE CRACKERS'})
0.011126564673157162,frozenset({'BOX OF VINTAGE ALPHABET BLOCKS'})
0.010022089503395238,frozenset({'BOYS VINTAGE TIN SEASIDE BUCKET'})
0.016608034034197822,frozenset({'BREAD BIN DINER STYLE IVORY'})
0.012108320379612207,frozenset({'BREAD BIN DINER STYLE RED '})
0.010022089503395238,frozenset({'BUBBLEGUM RING ASSORTED'})
0.010962938722081322,frozenset({'BULL DOG BOTTLE OPENER'})
0.014194551255829175,frozenset({'BUNDLE OF 3 ALPHABET EXERCISE BOOKS'})
0.011372003599770924,frozenset({'BUNDLE OF 3 RETRO NOTE BOOKS'})
0.01030843491777796,frozenset({'BUTTON BOX '})
0.011126564673157162,frozenset({'CALENDAR PAPER CUT DESIGN'})
0.016485314570890943,frozenset({'CANDLEHOLDER PINK HANGING HEART'})
0.01824429354495623,frozenset({'CARD BILLBOARD FONT'})
0.010103902478933158,frozenset({'CARD CHRISTMAS VILLAGE'})
0.011781068477460525,frozenset({'CARD CIRCUS PARADE'})
0.01288554364722245,frozenset({'CARD DOLLY GIRL '})
0.010881125746543402,frozenset({'CARD MOTORBIKE SANTA'})
0.010962938722081322,frozenset({'CARD PSYCHEDELIC APPLES'})
0.011862881452998445,frozenset({'CARD SUKI BIRTHDAY'})
0.011494723063077803,frozenset({'CERAMIC CHERRY CAKE MONEY BANK'})
0.014562709645749817,frozenset({'CERAMIC HEART FAIRY CAKE MONEY BANK'})
0.016403501595353025,frozenset({'CERAMIC STRAWBERRY CAKE MONEY BANK'})
0.01059478033216068,frozenset({'CHARLIE + LOLA RED HOT WATER BOTTLE'})
0.01288554364722245,frozenset({'CHARLIE+LOLA PINK HOT WATER BOTTLE'})
0.024175734271455453,frozenset({'CHARLOTTE BAG APPLES DESIGN'})
0.017139818375194307,frozenset({'CHARLOTTE BAG DOLLY GIRL DESIGN'})
0.03108893070440972,frozenset({'CHARLOTTE BAG PINK POLKADOT'})
0.03657040006545038,frozenset({'CHARLOTTE BAG SUKI DESIGN'})
0.01853063895933895,frozenset({'CHARLOTTE BAG VINTAGE ALPHABET '})
0.016526221058659904,frozenset({'CHICK GREY HOT WATER BOTTLE'})
0.01296735662276037,"frozenset({""CHILDREN'S APRON DOLLY GIRL ""})"
0.014930868035670458,frozenset({'CHILDRENS APRON APPLES DESIGN'})
0.023030352613924568,frozenset({'CHILDRENS APRON SPACEBOY DESIGN'})
0.012231039842919088,frozenset({'CHILDRENS CUTLERY DOLLY GIRL '})
0.011903787940767406,frozenset({'CHILDRENS CUTLERY POLKADOT BLUE'})
0.010185715454471079,frozenset({'CHILDRENS CUTLERY POLKADOT GREEN '})
0.017344350814039105,frozenset({'CHILDRENS CUTLERY POLKADOT PINK'})
0.01300826311052933,frozenset({'CHILDRENS CUTLERY RETROSPOT RED '})
0.015053587498977337,frozenset({'CHILDRENS CUTLERY SPACEBOY '})
0.010022089503395238,frozenset({'CHILDS BREAKFAST SET SPACEBOY '})
0.027366440317434345,frozenset({'CHILLI LIGHTS'})
0.012721917696146608,frozenset({'CHOCOLATE BOX RIBBONS '})
0.0354250184079195,frozenset({'CHOCOLATE HOT WATER BOTTLE'})
0.019266955739180233,frozenset({'CHOCOLATE THIS WAY METAL SIGN'})
0.022375848809621207,frozenset({'CHRISTMAS CRAFT LITTLE FRIENDS'})
0.01885789086149063,frozenset({'CHRISTMAS CRAFT TREE TOP ANGEL'})
0.0155035588644359,frozenset({'CHRISTMAS CRAFT WHITE FAIRY '})
0.01039024789331588,frozenset({'CHRISTMAS HANGING STAR WITH BELL'})
0.013540047451525813,frozenset({'CHRISTMAS LIGHTS 10 REINDEER'})
0.01022662194224004,frozenset({'CHRISTMAS PUDDING TRINKET POT '})
0.010962938722081322,frozenset({'CHRISTMAS STAR WISH LIST CHALKBOARD'})
0.01022662194224004,frozenset({'CHRISTMAS TOILET ROLL'})
0.016444408083121982,frozenset({'CIRCUS PARADE LUNCH BOX '})
0.014030925304753333,frozenset({'CLASSIC CAFE SUGAR DISPENSER'})
0.013703673402601653,frozenset({'CLASSIC GLASS COOKIE JAR'})
0.012149226867381166,frozenset({'CLASSIC METAL BIRDCAGE PLANT HOLDER'})
0.01820338705718727,frozenset({'CLEAR DRAWER KNOB ACRYLIC EDWARDIAN'})
0.0320297799230958,frozenset({'CLOTHES PEGS RETROSPOT PACK 24 '})
0.011085658185388203,frozenset({'COFFEE MUG APPLES DESIGN'})
0.010881125746543402,frozenset({'COFFEE MUG CAT + BIRD DESIGN'})
0.02589380675775178,frozenset({'COLOUR GLASS T-LIGHT HOLDER HANGING'})
0.011781068477460525,frozenset({'COLOUR GLASS. STAR T-LIGHT HOLDER'})
0.013621860427063733,frozenset({'COLOURING PENCILS BROWN TUBE'})
0.030025362022416756,frozenset({'COOK WITH WINE METAL SIGN '})
0.011208377648695082,frozenset({'COWBOYS AND INDIANS BIRTHDAY CARD '})
0.011862881452998445,frozenset({'CREAM CUPID HEARTS COAT HANGER'})
0.021639532029779925,frozenset({'CREAM HEART CARD HOLDER'})
0.022253129346314324,frozenset({'CREAM SWEETHEART MINI CHEST'})
0.013990018816984374,frozenset({'DELUXE SEWING KIT '})
0.011740161989691566,frozenset({'DINOSAURS  WRITING SET '})
0.035179579481305734,frozenset({'DOLLY GIRL LUNCH BOX'})
0.016935285936349506,frozenset({'DOORMAT ENGLISH ROSE '})
0.015053587498977337,frozenset({'DOORMAT FAIRY CAKE'})
0.02065777632332488,frozenset({'DOORMAT FANCY FONT HOME SWEET HOME'})
0.024339360222531293,frozenset({'DOORMAT HEARTS'})
0.011862881452998445,frozenset({'DOORMAT HOME SWEET HOME BLUE '})
0.030066268510185717,frozenset({'DOORMAT KEEP CALM AND COME IN'})
0.024625705636914016,frozenset({'DOORMAT NEW ENGLAND'})
0.02879816738934795,frozenset({'DOORMAT RED RETROSPOT'})
0.019757833592407757,frozenset({'DOORMAT SPOTTY HOME SWEET HOME'})
0.025484741880062178,frozenset({'DOORMAT UNION FLAG'})
0.011862881452998445,frozenset({'DOORMAT WELCOME PUPPIES'})
0.01840791949603207,frozenset({'DOORMAT WELCOME TO OUR HOME'})
0.012271946330688047,frozenset({'DOORSTOP RETROSPOT HEART'})
0.02900269982819275,frozenset({'DOTCOM POSTAGE'})
0.014194551255829175,frozenset({'DOUGHNUT LIP GLOSS '})
0.01587171725435654,frozenset({'EDWARDIAN PARASOL BLACK'})
0.022375848809621207,frozenset({'EDWARDIAN PARASOL NATURAL'})
0.013458234475987891,frozenset({'EDWARDIAN PARASOL RED'})
0.01030843491777796,frozenset({'EMERGENCY FIRST AID TIN '})
0.019266955739180233,frozenset({'ENAMEL BREAD BIN CREAM'})
0.0213531866153972,frozenset({'ENAMEL FLOWER JUG CREAM'})
0.01603534320543238,frozenset({'ENAMEL MEASURING JUG CREAM'})
0.010022089503395238,frozenset({'ENCHANTED BIRD COATHANGER 5 HOOK'})
0.015421745888897978,frozenset({'ENGLISH ROSE HOT WATER BOTTLE'})
0.014153644768060214,frozenset({'ENGLISH ROSE NOTEBOOK A7 SIZE'})
0.010840219258774441,frozenset({'FAIRY CAKE FLANNEL ASSORTED COLOUR'})
0.0159126237421255,frozenset({'FAMILY ALBUM WHITE PICTURE FRAME'})
0.011658349014153645,frozenset({'FAMILY PHOTO FRAME CORNICE'})
0.013253702037143092,"frozenset({'FANCY FONT BIRTHDAY CARD, '})"
0.0203305244211732,frozenset({'FAWN BLUE HOT WATER BOTTLE'})
0.02274400719954185,frozenset({'FELTCRAFT 6 FLOWER FRIENDS'})
0.020003272519021516,frozenset({'FELTCRAFT BUTTERFLY HEARTS'})
0.013335515012681012,frozenset({'FELTCRAFT CHRISTMAS FAIRY'})
0.014358177206905015,frozenset({'FELTCRAFT CUSHION BUTTERFLY'})
0.019512394665793995,frozenset({'FELTCRAFT CUSHION OWL'})
0.0159126237421255,frozenset({'FELTCRAFT CUSHION RABBIT'})
0.011003845209850283,frozenset({'FELTCRAFT DOLL EMILY'})
0.013744579890370612,frozenset({'FELTCRAFT DOLL MOLLY'})
0.012394665793994928,frozenset({'FELTCRAFT DOLL ROSIE'})
0.011494723063077803,frozenset({'FELTCRAFT GIRL AMELIE KIT'})
0.01836701300826311,frozenset({'FELTCRAFT PRINCESS CHARLOTTE DOLL'})
0.016976192424118464,frozenset({'FELTCRAFT PRINCESS LOLA DOLL'})
0.011903787940767406,frozenset({'FELTCRAFT PRINCESS OLIVIA DOLL'})
0.017426163789577027,frozenset({'FLORAL FOLK STATIONERY SET'})
0.010022089503395238,frozenset({'FOLKART ZINC HEART CHRISTMAS DEC'})
0.011944694428536367,frozenset({'FOOD CONTAINER SET 3 LOVE HEART '})
0.016648940521966783,frozenset({'FOUR HOOK  WHITE LOVEBIRDS'})
0.013540047451525813,frozenset({'FRENCH ENAMEL CANDLEHOLDER'})
0.012394665793994928,frozenset({'FRENCH WC SIGN BLUE METAL'})
0.012353759306225967,frozenset({'FULL ENGLISH BREAKFAST PLATE'})
0.03129346314325452,frozenset({'GARDENERS KNEELING PAD CUP OF TEA '})
0.037797594698519184,frozenset({'GARDENERS KNEELING PAD KEEP CALM '})
0.013703673402601653,"frozenset({""GIANT 50'S CHRISTMAS CRACKER""})"
0.010185715454471079,frozenset({'GIN & TONIC DIET GREETING CARD '})
0.03133436963102348,frozenset({'GIN + TONIC DIET METAL SIGN'})
0.012353759306225967,frozenset({'GIN AND TONIC MUG'})
0.027489159780741224,frozenset({'GINGERBREAD MAN COOKIE CUTTER'})
0.016894379448580545,frozenset({'GINGHAM HEART DECORATION'})
0.011453816575308844,frozenset({'GIRAFFE WOODEN RULER'})
0.010267528430008999,frozenset({'GLASS APOTHECARY BOTTLE PERFUME'})
0.011290190624233004,frozenset({'GLASS JAR DAISY FRESH COTTON WOOL'})
0.012271946330688047,frozenset({'GRAND CHOCOLATECANDLE'})
0.043238157571790885,frozenset({'GREEN REGENCY TEACUP AND SAUCER'})
0.02311216558946249,frozenset({'GREY HEART HOT WATER BOTTLE'})
0.012558291745070768,frozenset({'GROW A FLYTRAP OR SUNFLOWER IN TIN'})
0.029084512803730672,frozenset({'GUMBALL COAT RACK'})
0.010022089503395238,frozenset({'GUMBALL MAGAZINE RACK'})
0.027816411682892908,frozenset({'HAND OVER THE CHOCOLATE   SIGN '})
0.015339932913360058,frozenset({'HAND WARMER BABUSHKA DESIGN'})
0.02290763315061769,frozenset({'HAND WARMER BIRD DESIGN'})
0.027202814366358505,frozenset({'HAND WARMER OWL DESIGN'})
0.01623987564427718,frozenset({'HAND WARMER RED LOVE HEART'})
0.01562627832774278,frozenset({'HAND WARMER RED RETROSPOT'})
0.022621287736234966,frozenset({'HAND WARMER SCOTTY DOG DESIGN'})
0.019880553055714636,frozenset({'HAND WARMER UNION JACK'})
0.0310071177288718,frozenset({'HANGING HEART JAR T-LIGHT HOLDER'})
0.011903787940767406,frozenset({'HANGING HEART MIRROR DECORATION '})
0.024912051051296735,frozenset({'HANGING HEART ZINC T-LIGHT HOLDER'})
0.014644522621287737,frozenset({'HANGING JAM JAR T-LIGHT HOLDER'})
0.014849055060132538,frozenset({'HANGING METAL HEART LANTERN'})
0.011535629550846764,frozenset({'HAPPY STENCIL CRAFT'})
0.013949112329215413,frozenset({'HEART DECORATION RUSTIC HANGING '})
0.011003845209850283,frozenset({'HEART DECORATION WITH PEARLS '})
0.012353759306225967,frozenset({'HEART FILIGREE DOVE  SMALL'})
0.010267528430008999,frozenset({'HEART FILIGREE DOVE LARGE'})
0.01304916959829829,frozenset({'HEART IVORY TRELLIS LARGE'})
0.01546265237666694,frozenset({'HEART IVORY TRELLIS SMALL'})
0.038533911478360466,frozenset({'HEART OF WICKER LARGE'})
0.04957866317597971,frozenset({'HEART OF WICKER SMALL'})
0.032193405874171646,frozenset({'HOME BUILDING BLOCK WORD'})
0.011576536038615725,frozenset({'HOME SWEET HOME METAL SIGN '})
0.014889961547901497,frozenset({'HOME SWEET HOME MUG'})
0.02675284300089994,frozenset({'HOMEMADE JAM SCENTED CANDLES'})
0.025239302953448416,frozenset({'HOT BATHS METAL SIGN'})
0.027121001390820583,frozenset({'HOT WATER BOTTLE I AM SO POORLY'})
0.032316125337478525,frozenset({'HOT WATER BOTTLE KEEP CALM'})
0.026507404074286183,frozenset({'HOT WATER BOTTLE TEA AND SYMPATHY'})
0.015094493986746298,"frozenset({""I'M ON HOLIDAY METAL SIGN""})"
0.01059478033216068,frozenset({'ICE CREAM PEN LIP GLOSS '})
0.011412910087539883,frozenset({'ICE CREAM SUNDAE LIP GLOSS'})
0.017630696228421828,frozenset({'IVORY DINER WALL CLOCK'})
0.01300826311052933,frozenset({'IVORY HANGING DECORATION  HEART'})
0.029616297144727154,frozenset({'IVORY KITCHEN SCALES'})
0.011781068477460525,frozenset({'IVORY WICKER HEART LARGE'})
0.01300826311052933,frozenset({'JAM JAR WITH GREEN LID'})
0.014849055060132538,frozenset({'JAM JAR WITH PINK LID'})
0.048024216640759225,frozenset({'JAM MAKING SET PRINTED'})
0.04990591507813139,frozenset({'JAM MAKING SET WITH JARS'})
0.011331097112001963,frozenset({'JAZZ HEARTS PURSE NOTEBOOK'})
0.014685429109056696,frozenset({'JINGLE BELL HEART DECORATION'})
0.03873844391720527,frozenset({'JUMBO  BAG BAROQUE BLACK WHITE'})
0.029575390656958193,"frozenset({""JUMBO BAG 50'S CHRISTMAS ""})"
0.03763396874744335,frozenset({'JUMBO BAG ALPHABET'})
0.0408655812811912,frozenset({'JUMBO BAG APPLES'})
0.012312852818457008,frozenset({'JUMBO BAG CHARLIE AND LOLA TOYS'})
0.02118956066432136,frozenset({'JUMBO BAG DOILEY PATTERNS'})
0.01848973247156999,frozenset({'JUMBO BAG DOLLY GIRL DESIGN'})
0.027121001390820583,frozenset({'JUMBO BAG OWLS'})
0.013990018816984374,frozenset({'JUMBO BAG PAISLEY PARK'})
0.024584799149145055,frozenset({'JUMBO BAG PEARS'})
0.05035588644358995,frozenset({'JUMBO BAG PINK POLKADOT'})
0.03587498977337806,frozenset({'JUMBO BAG PINK VINTAGE PAISLEY'})
0.08733535138672993,frozenset({'JUMBO BAG RED RETROSPOT'})
0.027407346805203306,frozenset({'JUMBO BAG SCANDINAVIAN BLUE PAISLEY'})
0.02830728953612043,frozenset({'JUMBO BAG SPACEBOY DESIGN'})
0.034279636750388615,frozenset({'JUMBO BAG STRAWBERRY'})
0.021680438517548882,frozenset({'JUMBO BAG TOYS '})
0.019757833592407757,frozenset({'JUMBO BAG VINTAGE CHRISTMAS '})
0.029616297144727154,frozenset({'JUMBO BAG VINTAGE DOILY '})
0.03620224167552974,frozenset({'JUMBO BAG VINTAGE LEAF'})
0.03567045733453326,frozenset({'JUMBO BAG WOODLAND ANIMALS'})
0.048556000981755706,frozenset({'JUMBO SHOPPER VINTAGE RED PAISLEY'})
0.028961793340423793,frozenset({'JUMBO STORAGE BAG SKULLS'})
0.049128691810521145,frozenset({'JUMBO STORAGE BAG SUKI'})
0.01268101120837765,"frozenset({'KEY FOB , BACK DOOR '})"
0.015339932913360058,"frozenset({'KEY FOB , SHED'})"
0.01059478033216068,frozenset({'KINGS CHOICE TEA CADDY '})
0.012517385257301807,frozenset({'KITCHEN METAL SIGN'})
0.018939703837028553,frozenset({'KNITTED UNION FLAG HOT WATER BOTTLE'})
0.019716927104638796,frozenset({'LADIES & GENTLEMEN METAL SIGN'})
0.013335515012681012,frozenset({'LANTERN CREAM GAZEBO '})
0.012190133355150127,frozenset({'LARGE CERAMIC TOP STORAGE JAR'})
0.015299026425591099,frozenset({'LARGE HEART MEASURING SPOONS'})
0.02339851100384521,frozenset({'LARGE WHITE HEART OF WICKER'})
0.014480896670211896,frozenset({'LAUNDRY 15C METAL SIGN'})
0.011167471160926123,frozenset({'LIPSTICK PEN RED'})
0.01309007608606725,frozenset({'LONDON BUS COFFEE MUG'})
0.025811993782213858,frozenset({'LOVE BUILDING BLOCK WORD'})
0.019553301153562956,frozenset({'LOVE HOT WATER BOTTLE'})
0.022375848809621207,frozenset({'LOVEBIRD HANGING DECORATION WHITE '})
0.0529739016608034,frozenset({'LUNCH BAG  BLACK SKULL.'})
0.030802585290027,frozenset({'LUNCH BAG ALPHABET DESIGN'})
0.042910905669639204,frozenset({'LUNCH BAG APPLE DESIGN'})
0.04798331015299027,frozenset({'LUNCH BAG CARS BLUE'})
0.02028961793340424,frozenset({'LUNCH BAG DOILEY PATTERN '})
0.028225476560582507,frozenset({'LUNCH BAG DOLLY GIRL DESIGN'})
0.013335515012681012,frozenset({'LUNCH BAG PAISLEY PARK  '})
0.045406201423545775,frozenset({'LUNCH BAG PINK POLKADOT'})
0.06573672584471897,frozenset({'LUNCH BAG RED RETROSPOT'})
0.04786059068968338,frozenset({'LUNCH BAG SPACEBOY DESIGN '})
0.04511985600916305,frozenset({'LUNCH BAG SUKI DESIGN '})
0.024871144563527774,frozenset({'LUNCH BAG VINTAGE DOILY '})
0.027489159780741224,frozenset({'LUNCH BAG VINTAGE LEAF DESIGN'})
0.04242002781641168,frozenset({'LUNCH BAG WOODLAND'})
0.029657203632496115,frozenset({'LUNCH BOX I LOVE LONDON'})
0.020085085494559438,frozenset({'LUNCH BOX WITH CUTLERY RETROSPOT '})
0.010717499795467562,frozenset({'MAGIC DRAWING SLATE SPACEBOY '})
0.01030843491777796,frozenset({'MAGNETS PACK OF 4 SWALLOWS'})
0.01051296735662276,frozenset({'MEDIUM CERAMIC TOP STORAGE JAR'})
0.01292645013499141,frozenset({'MEMO BOARD COTTAGE DESIGN'})
0.018980610324797514,frozenset({'MEMO BOARD RETROSPOT  DESIGN'})
0.020412337396711118,frozenset({'METAL 4 HOOK HANGER FRENCH CHATEAU'})
0.016976192424118464,frozenset({'METAL SIGN TAKE IT OR LEAVE IT '})
0.01595353022989446,frozenset({'MINI PAINT SET VINTAGE '})
0.01022662194224004,frozenset({'MINIATURE ANTIQUE ROSE HOOK IVORY'})
0.015339932913360058,frozenset({'MINT KITCHEN SCALES'})
0.015012681011208378,frozenset({'MODERN FLORAL STATIONERY SET'})
0.014971774523439417,frozenset({'MULTI COLOUR SILVER T-LIGHT HOLDER'})
0.02118956066432136,frozenset({'Manual'})
0.02078049578663176,frozenset({'NATURAL SLATE CHALKBOARD LARGE '})
0.05178761351550356,frozenset({'NATURAL SLATE HEART CHALKBOARD '})
0.017344350814039105,frozenset({'NATURAL SLATE RECTANGLE CHALKBOARD'})
0.010922032234312361,frozenset({'NO JUNK MAIL METAL SIGN'})
0.02045324388448008,frozenset({'NO SINGING METAL SIGN'})
0.0159126237421255,frozenset({'OPEN CLOSED METAL SIGN'})
0.01055387384439172,frozenset({'OWL DOORSTOP'})
0.017467070277345988,frozenset({'PACK OF 12 HEARTS DESIGN TISSUES '})
0.021066841201014482,frozenset({'PACK OF 12 LONDON TISSUES '})
0.012271946330688047,frozenset({'PACK OF 12 RED RETROSPOT TISSUES '})
0.014726335596825657,frozenset({'PACK OF 12 SUKI TISSUES '})
0.01820338705718727,frozenset({'PACK OF 12 TRADITIONAL CRAYONS'})
0.011126564673157162,frozenset({'PACK OF 12 WOODLAND TISSUES '})
0.027652785731817068,frozenset({'PACK OF 20 NAPKINS PANTRY DESIGN'})
0.015421745888897978,frozenset({'PACK OF 20 NAPKINS RED APPLES'})
0.013703673402601653,frozenset({'PACK OF 20 SKULL PAPER NAPKINS'})
0.016280782132046142,frozenset({'PACK OF 6 BIRDY GIFT TAGS'})
0.024707518612451934,frozenset({'PACK OF 60 DINOSAUR CAKE CASES'})
0.016158062668739263,frozenset({'PACK OF 60 MUSHROOM CAKE CASES'})
0.03579317679784014,frozenset({'PACK OF 60 PINK PAISLEY CAKE CASES'})
0.0213531866153972,frozenset({'PACK OF 60 SPACEBOY CAKE CASES'})
0.054569254683792846,frozenset({'PACK OF 72 RETROSPOT CAKE CASES'})
0.027161907878589544,frozenset({'PACK OF 72 SKULL CAKE CASES'})
0.015217213450053179,frozenset({'PAINTED METAL PEARS ASSORTED'})
0.020003272519021516,frozenset({'PANTRY MAGNETIC  SHOPPING LIST'})
0.01022662194224004,frozenset({'PANTRY ROLLING PIN'})
0.012149226867381166,frozenset({'PANTRY SCRUBBING BRUSH'})
0.01578990427881862,frozenset({'PANTRY WASHING UP BRUSH'})
0.032970629141781886,frozenset({'PAPER BUNTING RETROSPOT'})
0.011167471160926123,frozenset({'PAPER BUNTING VINTAGE PAISLEY'})
0.013662766914832692,frozenset({'PAPER BUNTING WHITE LACE'})
0.04786059068968338,"frozenset({""PAPER CHAIN KIT 50'S CHRISTMAS ""})"
0.017917041642804547,frozenset({'PAPER CHAIN KIT EMPIRE'})
0.025157489977910497,frozenset({'PAPER CHAIN KIT RETROSPOT'})
0.03403419782377485,frozenset({'PAPER CHAIN KIT VINTAGE CHRISTMAS'})
0.010635686819929642,frozenset({'PARISIENNE CURIO CABINET'})
0.011249284136464043,frozenset({'PARISIENNE JEWELLERY DRAWER '})
0.011576536038615725,frozenset({'PARISIENNE KEY CABINET '})
0.06978646813384602,frozenset({'PARTY BUNTING'})
0.019226049251411272,frozenset({'PARTY METAL SIGN '})
0.011821974965229486,frozenset({'PEG BAG APPLES DESIGN'})
0.010758406283236521,frozenset({'PENNY FARTHING BIRTHDAY CARD'})
0.01313098257383621,frozenset({'PHOTO CUBE'})
0.01039024789331588,frozenset({'PHOTO FRAME 3 CLASSIC HANGING'})
0.021271373639859283,frozenset({'PHOTO FRAME CORNICE'})
0.018980610324797514,frozenset({'PICNIC BASKET WICKER LARGE'})
0.019266955739180233,frozenset({'PICNIC BASKET WICKER SMALL'})
0.014562709645749817,frozenset({'PICTURE DOMINOES'})
0.011044751697619242,frozenset({'PICTURE FRAME WOOD TRIPLE PORTRAIT'})
0.014439990182442936,frozenset({'PIGGY BANK RETROSPOT '})
0.012640104720608688,frozenset({'PINK  POLKADOT CUP'})
0.014235457743598134,frozenset({'PINK BABY BUNTING'})
0.021516812566473042,frozenset({'PINK BLUE FELT CRAFT TRINKET BOX'})
0.025280209441217377,frozenset({'PINK CREAM FELT CRAFT TRINKET BOX '})
0.0104720608688538,frozenset({'PINK DOUGHNUT TRINKET POT '})
0.0104720608688538,frozenset({'PINK DRAWER KNOB ACRYLIC EDWARDIAN'})
0.0203305244211732,frozenset({'PINK FAIRY CAKE CHILDRENS APRON'})
0.010799312771005482,frozenset({'PINK FLORAL FELTCRAFT SHOULDER BAG'})
0.016608034034197822,frozenset({'PINK HAPPY BIRTHDAY BUNTING'})
0.01059478033216068,frozenset({'PINK HEART SHAPE EGG FRYING PAN'})
0.013662766914832692,frozenset({'PINK POLKADOT BOWL'})
0.032766096702937085,frozenset({'PINK REGENCY TEACUP AND SAUCER'})
0.016935285936349506,frozenset({'PINK VINTAGE PAISLEY PICNIC BAG'})
0.013785486378139573,frozenset({'PLACE SETTING WHITE HEART'})
0.02376666939376585,frozenset({'PLASTERS IN TIN CIRCUS PARADE '})
0.02323488505276937,frozenset({'PLASTERS IN TIN SKULLS'})
0.027857318170661866,frozenset({'PLASTERS IN TIN SPACEBOY'})
0.021230467152090322,frozenset({'PLASTERS IN TIN STRONGMAN'})
0.02331669802830729,frozenset({'PLASTERS IN TIN VINTAGE PAISLEY '})
0.02900269982819275,frozenset({'PLASTERS IN TIN WOODLAND ANIMALS'})
0.013785486378139573,frozenset({'PLAYING CARDS KEEP CALM & CARRY ON'})
0.03497504704246093,frozenset({'PLEASE ONE PERSON METAL SIGN'})
0.03432054323815757,frozenset({'POPCORN HOLDER'})
0.017426163789577027,"frozenset({""POPPY'S PLAYHOUSE BEDROOM ""})"
0.01799885461834247,"frozenset({""POPPY'S PLAYHOUSE KITCHEN""})"
0.013499140963756852,"frozenset({""POPPY'S PLAYHOUSE LIVINGROOM ""})"
0.0511331097112002,frozenset({'POSTAGE'})
0.022007690419700566,frozenset({'POTTERING IN THE SHED METAL SIGN'})
0.013949112329215413,frozenset({'POTTERING MUG'})
0.01276282418391557,frozenset({'POTTING SHED TEA MUG'})
0.011331097112001963,frozenset({'QUEENS GUARD COFFEE MUG'})
0.041274646158880796,frozenset({'RABBIT NIGHT LIGHT'})
0.0100629959911642,frozenset({'RAIN PONCHO RETROSPOT'})
0.015135400474515259,frozenset({'RECIPE BOX BLUE SKETCHBOOK DESIGN'})
0.04761515176306962,frozenset({'RECIPE BOX PANTRY YELLOW DESIGN'})
0.019839646567945676,frozenset({'RECIPE BOX RETROSPOT '})
0.014930868035670458,"frozenset({'RECORD FRAME 7"" SINGLE SIZE '})"
0.011412910087539883,frozenset({'RECYCLED ACAPULCO MAT TURQUOISE'})
0.030802585290027,frozenset({'RECYCLING BAG RETROSPOT '})
0.027407346805203306,frozenset({'RED  HARMONICA IN BOX '})
0.019185142763642315,frozenset({'RED DINER WALL CLOCK'})
0.012558291745070768,frozenset({'RED FLORAL FELTCRAFT SHOULDER BAG'})
0.012067413891843246,frozenset({'RED GINGHAM ROSE JEWELLERY BOX'})
0.030843491777795957,frozenset({'RED HANGING HEART T-LIGHT HOLDER'})
0.02331669802830729,frozenset({'RED KITCHEN SCALES'})
0.010799312771005482,frozenset({'RED METAL BOX TOP SECRET'})
0.018448825983801032,frozenset({'RED RETROSPOT BOWL'})
0.01043115438108484,frozenset({'RED RETROSPOT BUTTER DISH'})
0.02376666939376585,frozenset({'RED RETROSPOT CAKE STAND'})
0.04295181215740816,frozenset({'RED RETROSPOT CHARLOTTE BAG'})
0.0100629959911642,frozenset({'RED RETROSPOT CHILDRENS UMBRELLA'})
0.016198969156508224,frozenset({'RED RETROSPOT CUP'})
0.0159126237421255,frozenset({'RED RETROSPOT MINI CASES'})
0.018612451934876872,frozenset({'RED RETROSPOT OVEN GLOVE '})
0.01055387384439172,frozenset({'RED RETROSPOT OVEN GLOVE DOUBLE'})
0.020371430908942157,frozenset({'RED RETROSPOT PEG BAG'})
0.022212222858545367,frozenset({'RED RETROSPOT PICNIC BAG'})
0.012599198232839729,frozenset({'RED RETROSPOT PLATE '})
0.014358177206905015,frozenset({'RED RETROSPOT ROUND CAKE TINS'})
0.02372576290599689,frozenset({'RED RETROSPOT SHOPPER BAG'})
0.014685429109056696,frozenset({'RED RETROSPOT SMALL MILK JUG'})
0.01055387384439172,frozenset({'RED RETROSPOT SUGAR JAM BOWL'})
0.015339932913360058,frozenset({'RED RETROSPOT UMBRELLA'})
0.013826392865908534,frozenset({'RED RETROSPOT WRAP '})
0.01566718481551174,frozenset({'RED SPOT CERAMIC DRAWER KNOB'})
0.016567127546428865,frozenset({'RED SPOTTY BISCUIT TIN'})
0.01828520003272519,frozenset({'RED STRIPE CERAMIC DRAWER KNOB'})
0.0352204859690747,frozenset({'RED TOADSTOOL LED NIGHT LIGHT'})
0.017794322179497668,frozenset({'RED WOOLLY HOTTIE WHITE HEART.'})
0.08872617197087458,frozenset({'REGENCY CAKESTAND 3 TIER'})
0.013908205841446454,frozenset({'REGENCY MILK JUG PINK '})
0.013867299353677493,frozenset({'REGENCY SUGAR BOWL GREEN'})
0.01578990427881862,frozenset({'REGENCY TEA PLATE GREEN '})
0.01284463715945349,frozenset({'REGENCY TEA PLATE PINK'})
0.01869426491041479,frozenset({'REGENCY TEA PLATE ROSES '})
0.017548883252883906,frozenset({'REGENCY TEAPOT ROSES '})
0.014971774523439417,frozenset({'RETROSPOT CHILDRENS APRON'})
0.025811993782213858,frozenset({'RETROSPOT HEART HOT WATER BOTTLE'})
0.014317270719136055,frozenset({'RETROSPOT LARGE MILK JUG'})
0.013458234475987891,frozenset({'RETROSPOT PARTY BAG + STICKER SET'})
0.012476478769532848,frozenset({'RETROSPOT RED WASHING UP GLOVES'})
0.04000654503804303,frozenset({'RETROSPOT TEA SET CERAMIC 11 PC '})
0.01014480896670212,frozenset({'RETROSPOT WOODEN HEART DECORATION'})
0.014562709645749817,frozenset({'REVOLVER WOODEN RULER '})
0.03575227031007118,frozenset({'REX CASH+CARRY JUMBO SHOPPER'})
0.0106765933076986,frozenset({'RIBBON REEL CHRISTMAS PRESENT '})
0.01304916959829829,frozenset({'RIBBON REEL CHRISTMAS SOCK BAUBLE'})
0.013335515012681012,frozenset({'RIBBON REEL HEARTS DESIGN '})
0.011331097112001963,frozenset({'RIBBON REEL SNOWY VILLAGE'})
0.016812566473042623,frozenset({'RIBBON REEL STRIPES DESIGN '})
0.014480896670211896,frozenset({'ROBOT BIRTHDAY CARD'})
0.01051296735662276,frozenset({'ROCKING HORSE RED CHRISTMAS '})
0.014603616133518776,"frozenset({""ROLL WRAP 50'S CHRISTMAS""})"
0.013867299353677493,frozenset({'ROLL WRAP VINTAGE CHRISTMAS'})
0.012558291745070768,frozenset({'ROLL WRAP VINTAGE SPOT '})
0.04581526630123538,frozenset({'ROSES REGENCY TEACUP AND SAUCER '})
0.01284463715945349,frozenset({'ROTATING LEAVES T-LIGHT HOLDER'})
0.01853063895933895,frozenset({'ROTATING SILVER ANGELS T-LIGHT HLDR'})
0.011699255501922605,frozenset({'ROUND CAKE TIN VINTAGE RED'})
0.024421173198069215,frozenset({'ROUND SNACK BOXES SET OF 4 FRUITS '})
0.012067413891843246,frozenset({'ROUND SNACK BOXES SET OF 4 SKULLS'})
0.03063895933895116,frozenset({'ROUND SNACK BOXES SET OF4 WOODLAND '})
0.015094493986746298,frozenset({'SAVE THE PLANET MUG'})
0.01836701300826311,frozenset({'SCANDINAVIAN PAISLEY PICNIC BAG'})
0.01853063895933895,frozenset({'SCANDINAVIAN REDS RIBBONS'})
0.031825247484251,frozenset({'SCOTTIE DOG HOT WATER BOTTLE'})
0.0100629959911642,frozenset({'SCOTTIE DOGS BABY BIB'})
0.011576536038615725,frozenset({'SET 12 COLOUR PENCILS SPACEBOY '})
0.015217213450053179,frozenset({'SET 12 KIDS COLOUR  CHALK STICKS'})
0.014726335596825657,frozenset({'SET 12 RETRO WHITE CHALK STICKS'})
0.01538083940112902,frozenset({'SET 2 PANTRY DESIGN TEA TOWELS'})
0.011126564673157162,frozenset({'SET 2 TEA TOWELS I LOVE LONDON '})
0.014399083694673975,frozenset({'SET 20 NAPKINS FAIRY CAKES DESIGN '})
0.01799885461834247,"frozenset({'SET 3 RETROSPOT TEA,COFFEE,SUGAR'})"
0.012394665793994928,frozenset({'SET 6 PAPER TABLE LANTERN HEARTS '})
0.010185715454471079,frozenset({'SET 6 PAPER TABLE LANTERN STARS '})
0.016771659985273666,frozenset({'SET 6 SCHOOL MILK BOTTLES IN CRATE'})
0.01574899779104966,frozenset({'SET 7 BABUSHKA NESTING BOXES'})
0.01595353022989446,frozenset({'SET OF 10 LED DOLLY LIGHTS'})
0.022784913687310806,frozenset({'SET OF 12 FAIRY CAKE BAKING CASES'})
0.01836701300826311,frozenset({'SET OF 12 MINI LOAF BAKING CASES'})
0.011658349014153645,frozenset({'SET OF 2 TEA TOWELS APPLE AND PEARS'})
0.021271373639859283,frozenset({'SET OF 20 KIDS COOKIE CUTTERS'})
0.025239302953448416,frozenset({'SET OF 20 VINTAGE CHRISTMAS NAPKINS'})
0.02847091548719627,frozenset({'SET OF 3 BUTTERFLY COOKIE CUTTERS'})
0.05964165916714391,frozenset({'SET OF 3 CAKE TINS PANTRY DESIGN '})
0.012149226867381166,frozenset({'SET OF 3 CAKE TINS SKETCHBOOK'})
0.013458234475987891,frozenset({'SET OF 3 HANGING OWLS OLLIE BEAK'})
0.02818457007281355,frozenset({'SET OF 3 HEART COOKIE CUTTERS'})
0.017344350814039105,frozenset({'SET OF 3 NOTEBOOKS IN PARCEL'})
0.037224903869753745,frozenset({'SET OF 3 REGENCY CAKE TINS'})
0.01840791949603207,frozenset({'SET OF 3 WOODEN HEART DECORATIONS'})
0.012271946330688047,frozenset({'SET OF 3 WOODEN SLEIGH DECORATIONS'})
0.01309007608606725,frozenset({'SET OF 3 WOODEN STOCKING DECORATION'})
0.012067413891843246,frozenset({'SET OF 3 WOODEN TREE DECORATIONS'})
0.0100629959911642,frozenset({'SET OF 36 DOILIES PANTRY DESIGN'})
0.014971774523439417,frozenset({'SET OF 36 PAISLEY FLOWER DOILIES'})
0.013785486378139573,frozenset({'SET OF 36 TEATIME PAPER DOILIES'})
0.011453816575308844,frozenset({'SET OF 4 ENGLISH ROSE COASTERS'})
0.012312852818457008,frozenset({'SET OF 4 ENGLISH ROSE PLACEMATS'})
0.014849055060132538,frozenset({'SET OF 4 KNICK KNACK TINS DOILY '})
0.011535629550846764,frozenset({'SET OF 4 KNICK KNACK TINS LONDON '})
0.04426081976601489,frozenset({'SET OF 4 PANTRY JELLY MOULDS'})
0.01055387384439172,frozenset({'SET OF 5 LUCKY CAT MAGNETS '})
0.012149226867381166,frozenset({'SET OF 6 HERB TINS SKETCHBOOK'})
0.017426163789577027,frozenset({'SET OF 6 RIBBONS VINTAGE CHRISTMAS'})
0.014644522621287737,frozenset({'SET OF 6 SNACK LOAF BAKING CASES'})
0.01832610652049415,frozenset({'SET OF 6 SOLDIER SKITTLES'})
0.034606888652540295,frozenset({'SET OF 6 SPICE TINS PANTRY DESIGN'})
0.0157080913032807,frozenset({'SET OF 6 TEA TIME BAKING CASES'})
0.016812566473042623,frozenset({'SET OF 60 I LOVE LONDON CAKE CASES '})
0.02593471324552074,frozenset({'SET OF 60 PANTRY DESIGN CAKE CASES '})
0.01562627832774278,frozenset({'SET OF 60 VINTAGE LEAF CAKE CASES '})
0.0209441217377076,frozenset({'SET OF 72 PINK HEART PAPER DOILIES'})
0.01873517139818375,frozenset({'SET OF 72 RETROSPOT PAPER  DOILIES'})
0.010922032234312361,frozenset({'SET OF 9 HEART SHAPED BALLOONS'})
0.02065777632332488,frozenset({'SET OF TEA COFFEE SUGAR TINS PANTRY'})
0.014194551255829175,frozenset({'SET/10 PINK POLKADOT PARTY CANDLES'})
0.01562627832774278,frozenset({'SET/10 RED POLKADOT PARTY CANDLES'})
0.016198969156508224,frozenset({'SET/2 RED RETROSPOT TEA TOWELS '})
0.040415609915732634,frozenset({'SET/20 RED RETROSPOT PAPER NAPKINS '})
0.012803730671684528,frozenset({'SET/20 STRAWBERRY PAPER NAPKINS '})
0.020003272519021516,frozenset({'SET/3 RED GINGHAM ROSE STORAGE BOX'})
0.037347623333060624,frozenset({'SET/5 RED RETROSPOT LID GLASS BOWLS'})
0.01750797676511495,frozenset({'SET/6 RED SPOTTY PAPER CUPS'})
0.021557719054242003,frozenset({'SET/6 RED SPOTTY PAPER PLATES'})
0.010962938722081322,frozenset({'SET3 BOOK BOX GREEN GINGHAM FLOWER '})
0.01055387384439172,frozenset({'SILVER BELLS TABLE DECORATION'})
0.01329460852491205,frozenset({'SILVER HANGING T-LIGHT HOLDER'})
0.010922032234312361,frozenset({'SINGLE ANTIQUE ROSE HOOK IVORY'})
0.02078049578663176,frozenset({'SINGLE HEART ZINC T-LIGHT HOLDER'})
0.01034934140554692,frozenset({'SKETCHBOOK MAGNETIC SHOPPING LIST'})
0.017017098911887425,frozenset({'SKULL LUNCH BOX WITH CUTLERY '})
0.016853472960811584,frozenset({'SKULL SHOULDER BAG'})
0.01030843491777796,frozenset({'SKULLS WRITING SET '})
0.011903787940767406,frozenset({'SLEEPING CAT ERASERS'})
0.0100629959911642,frozenset({'SMALL CHOCOLATES PINK BOWL'})
0.021598625542010964,frozenset({'SMALL DOLLY MIX DESIGN ORANGE BOWL'})
0.02376666939376585,frozenset({'SMALL GLASS HEART TRINKET POT'})
0.010717499795467562,frozenset({'SMALL HANGING IVORY/RED WOOD BIRD'})
0.019471488178025034,frozenset({'SMALL HEART MEASURING SPOONS'})
0.01832610652049415,frozenset({'SMALL MARSHMALLOWS PINK BOWL'})
0.024666612124682973,frozenset({'SMALL POPCORN HOLDER'})
0.010267528430008999,frozenset({'SMALL PURPLE BABUSHKA NOTEBOOK '})
0.010881125746543402,frozenset({'SMALL RED BABUSHKA NOTEBOOK '})
0.02589380675775178,frozenset({'SMALL WHITE HEART OF WICKER'})
0.017426163789577027,frozenset({'SOLDIERS EGG CUP '})
0.021598625542010964,frozenset({'SPACEBOY BIRTHDAY CARD'})
0.03714309089421582,frozenset({'SPACEBOY LUNCH BOX '})
0.04716518039761106,frozenset({'SPOTTY BUNTING'})
0.01051296735662276,frozenset({'STRAWBERRY   PICNIC BAG'})
0.0310071177288718,frozenset({'STRAWBERRY CERAMIC TRINKET BOX'})
0.030025362022416756,frozenset({'STRAWBERRY CHARLOTTE BAG'})
0.02393029534484169,frozenset({'STRAWBERRY LUNCH BOX WITH CUTLERY'})
0.016935285936349506,frozenset({'STRAWBERRY SHOPPER BAG'})
0.021721345005317843,frozenset({'SUKI  SHOULDER BAG'})
0.011208377648695082,frozenset({'SWALLOWS GREETING CARD'})
0.016608034034197822,frozenset({'SWEETHEART CAKESTAND 3 TIER'})
0.021925877444162644,frozenset({'SWEETHEART CERAMIC TRINKET BOX'})
0.015176306962284218,frozenset({'SWEETHEART RECIPE BOOK STAND'})
0.014521803157980856,frozenset({'T-LIGHT GLASS FLUTED ANTIQUE'})
0.014685429109056696,frozenset({'TEA BAG PLATE RED RETROSPOT'})
0.014930868035670458,frozenset({'TEA PARTY BIRTHDAY CARD'})
0.01296735662276037,frozenset({'TEA TIME OVEN GLOVE'})
0.019389675202487116,frozenset({'TEA TIME PARTY BUNTING'})
0.016771659985273666,frozenset({'TOILET METAL SIGN'})
0.017957948130573508,frozenset({'TOILET SIGN OCCUPIED OR VACANT'})
0.019471488178025034,frozenset({'TOY TIDY PINK POLKADOT'})
0.011944694428536367,frozenset({'TOY TIDY SPACEBOY  '})
0.014726335596825657,frozenset({'TRADITIONAL CHRISTMAS RIBBONS'})
0.025075677002372575,frozenset({'TRADITIONAL KNITTING NANCY'})
0.01595353022989446,frozenset({'TRADITIONAL MODELLING CLAY'})
0.01051296735662276,frozenset({'TRADITIONAL NAUGHTS & CROSSES'})
0.011290190624233004,frozenset({'TRADITIONAL PICK UP STICKS GAME '})
0.016935285936349506,frozenset({'TRADITIONAL WOODEN CATCH CUP GAME '})
0.01767160271619079,frozenset({'TRADITIONAL WOODEN SKIPPING ROPE'})
0.022294035834083285,frozenset({'TRAVEL CARD WALLET KEEP CALM'})
0.011003845209850283,frozenset({'TRAVEL CARD WALLET SUKI'})
0.011535629550846764,frozenset({'TRAVEL CARD WALLET TRANSPORT'})
0.016853472960811584,frozenset({'TRAVEL CARD WALLET VINTAGE TICKET'})
0.019307862226949194,frozenset({'TRAVEL SEWING KIT'})
0.011126564673157162,frozenset({'TREASURE ISLAND BOOK BOX'})
0.015053587498977337,frozenset({'TREASURE TIN GYMKHANA DESIGN'})
0.010185715454471079,frozenset({'TRIPLE HOOK ANTIQUE IVORY ROSE'})
0.043442690010635686,frozenset({'VICTORIAN GLASS HANGING T-LIGHT'})
0.010881125746543402,frozenset({'VICTORIAN SEWING BOX MEDIUM'})
0.011985600916305326,frozenset({'VICTORIAN SEWING BOX SMALL '})
0.016485314570890943,frozenset({'VINTAGE CHRISTMAS BUNTING'})
0.014235457743598134,frozenset({'VINTAGE CHRISTMAS STOCKING '})
0.01329460852491205,frozenset({'VINTAGE CREAM CAT FOOD CONTAINER'})
0.017344350814039105,frozenset({'VINTAGE CREAM DOG FOOD CONTAINER'})
0.010717499795467562,frozenset({'VINTAGE DOILY JUMBO BAG RED '})
0.017098911887425346,frozenset({'VINTAGE DOILY TRAVEL SEWING KIT'})
0.01051296735662276,frozenset({'VINTAGE DONKEY TAIL GAME '})
0.024993864026834657,frozenset({'VINTAGE HEADS AND TAILS CARD GAME '})
0.011372003599770924,frozenset({'VINTAGE LEAF MAGNETIC NOTEPAD'})
0.01783522866726663,frozenset({'VINTAGE PAISLEY STATIONERY SET'})
0.016280782132046142,frozenset({'VINTAGE SNAKES & LADDERS'})
0.038002127137363985,frozenset({'VINTAGE SNAP CARDS'})
0.019594207641331914,frozenset({'VINTAGE UNION JACK BUNTING'})
0.012026507404074287,frozenset({'WALL TIDY RETROSPOT '})
0.014889961547901497,frozenset({'WASHROOM METAL SIGN'})
0.013867299353677493,frozenset({'WATERING CAN BLUE ELEPHANT'})
0.011494723063077803,frozenset({'WATERING CAN PINK BUNNY'})
0.09416673484414628,frozenset({'WHITE HANGING HEART T-LIGHT HOLDER'})
0.01292645013499141,frozenset({'WHITE METAL LANTERN'})
0.020575963347786958,frozenset({'WHITE SKULL HOT WATER BOTTLE '})
0.015258119937822138,frozenset({'WHITE SPOT BLUE CERAMIC DRAWER KNOB'})
0.017017098911887425,frozenset({'WHITE SPOT RED CERAMIC DRAWER KNOB'})
0.012149226867381166,frozenset({'WHITE WICKER STAR '})
0.01824429354495623,frozenset({'WHITE WOOD GARDEN PLANT LADDER'})
0.016730753497504705,frozenset({'WICKER STAR '})
0.023848482369303772,frozenset({'WOOD 2 DRAWER CABINET WHITE FINISH'})
0.02847091548719627,frozenset({'WOOD BLACK BOARD ANT WHITE FINISH'})
0.017139818375194307,frozenset({'WOOD S/3 CABINET ANT WHITE FINISH'})
0.011535629550846764,frozenset({'WOOD STAMP SET THANK YOU'})
0.024134827783686492,frozenset({'WOODEN BOX OF DOMINOES'})
0.012517385257301807,frozenset({'WOODEN CROQUET GARDEN SET'})
0.040374703427963676,frozenset({'WOODEN FRAME ANTIQUE WHITE '})
0.011903787940767406,frozenset({'WOODEN HAPPY BIRTHDAY GARLAND'})
0.022089503395238484,frozenset({'WOODEN HEART CHRISTMAS SCANDINAVIAN'})
0.045733453325697455,frozenset({'WOODEN PICTURE FRAME WHITE FINISH'})
0.014808148572363577,frozenset({'WOODEN ROUNDERS GARDEN SET '})
0.01783522866726663,frozenset({'WOODEN SCHOOL COLOURING SET'})
0.021066841201014482,frozenset({'WOODEN STAR CHRISTMAS SCANDINAVIAN'})
0.013867299353677493,frozenset({'WOODEN TREE CHRISTMAS SCANDINAVIAN'})
0.016730753497504705,frozenset({'WOODEN UNION JACK BUNTING'})
0.034484169189233416,frozenset({'WOODLAND CHARLOTTE BAG'})
0.022089503395238484,frozenset({'WORLD WAR 2 GLIDERS ASSTD DESIGNS'})
0.010185715454471079,frozenset({'WRAP ENGLISH ROSE '})
0.018612451934876872,"frozenset({""YOU'RE CONFUSING ME METAL SIGN ""})"
0.018898797349259592,frozenset({'ZINC FOLKART SLEIGH BELLS'})
0.021966783931931605,frozenset({'ZINC METAL HEART DECORATION'})
0.011331097112001963,frozenset({'ZINC T-LIGHT HOLDER STARS SMALL'})
0.011044751697619242,frozenset({'ZINC WILLIE WINKIE  CANDLE STICK'})
0.01051296735662276,"frozenset({'6 RIBBONS RUSTIC CHARM', 'WHITE HANGING HEART T-LIGHT HOLDER'})"
0.011167471160926123,"frozenset({""PAPER CHAIN KIT 50'S CHRISTMAS "", '60 CAKE CASES VINTAGE CHRISTMAS'})"
0.01034934140554692,"frozenset({'60 CAKE CASES VINTAGE CHRISTMAS', 'PAPER CHAIN KIT VINTAGE CHRISTMAS'})"
0.011167471160926123,"frozenset({'SET OF 20 VINTAGE CHRISTMAS NAPKINS', '60 CAKE CASES VINTAGE CHRISTMAS'})"
0.011372003599770924,"frozenset({'72 SWEETHEART FAIRY CAKE CASES', '60 TEATIME FAIRY CAKE CASES'})"
0.010635686819929642,"frozenset({'PACK OF 60 DINOSAUR CAKE CASES', '60 TEATIME FAIRY CAKE CASES'})"
0.014480896670211896,"frozenset({'PACK OF 60 PINK PAISLEY CAKE CASES', '60 TEATIME FAIRY CAKE CASES'})"
0.01873517139818375,"frozenset({'60 TEATIME FAIRY CAKE CASES', 'PACK OF 72 RETROSPOT CAKE CASES'})"
0.010185715454471079,"frozenset({'PACK OF 72 SKULL CAKE CASES', '60 TEATIME FAIRY CAKE CASES'})"
0.010103902478933158,"frozenset({'PACK OF 60 PINK PAISLEY CAKE CASES', '72 SWEETHEART FAIRY CAKE CASES'})"
0.012394665793994928,"frozenset({'72 SWEETHEART FAIRY CAKE CASES', 'PACK OF 72 RETROSPOT CAKE CASES'})"
0.011372003599770924,"frozenset({'ALARM CLOCK BAKELIKE GREEN', 'ALARM CLOCK BAKELIKE CHOCOLATE'})"
0.012108320379612207,"frozenset({'ALARM CLOCK BAKELIKE RED ', 'ALARM CLOCK BAKELIKE CHOCOLATE'})"
0.013744579890370612,"frozenset({'ALARM CLOCK BAKELIKE IVORY', 'ALARM CLOCK BAKELIKE GREEN'})"
0.011331097112001963,"frozenset({'ALARM CLOCK BAKELIKE GREEN', 'ALARM CLOCK BAKELIKE ORANGE'})"
0.017139818375194307,"frozenset({'ALARM CLOCK BAKELIKE GREEN', 'ALARM CLOCK BAKELIKE PINK'})"
0.02642559109874826,"frozenset({'ALARM CLOCK BAKELIKE RED ', 'ALARM CLOCK BAKELIKE GREEN'})"
0.01051296735662276,"frozenset({'REGENCY CAKESTAND 3 TIER', 'ALARM CLOCK BAKELIKE GREEN'})"
0.011412910087539883,"frozenset({'ALARM CLOCK BAKELIKE IVORY', 'ALARM CLOCK BAKELIKE PINK'})"
0.015421745888897978,"frozenset({'ALARM CLOCK BAKELIKE IVORY', 'ALARM CLOCK BAKELIKE RED '})"
0.01268101120837765,"frozenset({'ALARM CLOCK BAKELIKE RED ', 'ALARM CLOCK BAKELIKE ORANGE'})"
0.019512394665793995,"frozenset({'ALARM CLOCK BAKELIKE RED ', 'ALARM CLOCK BAKELIKE PINK'})"
0.011576536038615725,"frozenset({'REGENCY CAKESTAND 3 TIER', 'ALARM CLOCK BAKELIKE RED '})"
0.010635686819929642,"frozenset({'ASSORTED COLOUR BIRD ORNAMENT', 'PAINTED METAL PEARS ASSORTED'})"
0.011044751697619242,"frozenset({'REGENCY CAKESTAND 3 TIER', 'ASSORTED COLOUR BIRD ORNAMENT'})"
0.01321279554937413,"frozenset({'ASSORTED COLOUR BIRD ORNAMENT', 'WHITE HANGING HEART T-LIGHT HOLDER'})"
0.013703673402601653,"frozenset({'BAKING SET 9 PIECE RETROSPOT ', 'BAKING SET SPACEBOY DESIGN'})"
0.01059478033216068,"frozenset({'BAKING SET 9 PIECE RETROSPOT ', 'RETROSPOT TEA SET CERAMIC 11 PC '})"
0.01030843491777796,"frozenset({'BATHROOM METAL SIGN', 'DOTCOM POSTAGE'})"
0.012026507404074287,"frozenset({'BATHROOM METAL SIGN', 'TOILET METAL SIGN'})"
0.010799312771005482,"frozenset({'PINK HAPPY BIRTHDAY BUNTING', 'BLUE HAPPY BIRTHDAY BUNTING'})"
0.01292645013499141,"frozenset({'BLUE HARMONICA IN BOX ', 'RED  HARMONICA IN BOX '})"
0.01039024789331588,"frozenset({'RED STRIPE CERAMIC DRAWER KNOB', 'BLUE STRIPE CERAMIC DRAWER KNOB'})"
0.011617442526384684,"frozenset({'CANDLEHOLDER PINK HANGING HEART', 'WHITE HANGING HEART T-LIGHT HOLDER'})"
0.01030843491777796,"frozenset({'CHARLOTTE BAG PINK POLKADOT', 'CHARLOTTE BAG APPLES DESIGN'})"
0.012435572281763887,"frozenset({'CHARLOTTE BAG SUKI DESIGN', 'CHARLOTTE BAG APPLES DESIGN'})"
0.011781068477460525,"frozenset({'LUNCH BAG APPLE DESIGN', 'CHARLOTTE BAG APPLES DESIGN'})"
0.013540047451525813,"frozenset({'RED RETROSPOT CHARLOTTE BAG', 'CHARLOTTE BAG APPLES DESIGN'})"
0.01059478033216068,"frozenset({'STRAWBERRY CHARLOTTE BAG', 'CHARLOTTE BAG APPLES DESIGN'})"
0.011944694428536367,"frozenset({'WOODLAND CHARLOTTE BAG', 'CHARLOTTE BAG APPLES DESIGN'})"
0.016976192424118464,"frozenset({'CHARLOTTE BAG SUKI DESIGN', 'CHARLOTTE BAG PINK POLKADOT'})"
0.011576536038615725,"frozenset({'JUMBO BAG RED RETROSPOT', 'CHARLOTTE BAG PINK POLKADOT'})"
0.011126564673157162,"frozenset({'LUNCH BAG  BLACK SKULL.', 'CHARLOTTE BAG PINK POLKADOT'})"
0.01051296735662276,"frozenset({'LUNCH BAG CARS BLUE', 'CHARLOTTE BAG PINK POLKADOT'})"
0.01039024789331588,"frozenset({'LUNCH BAG PINK POLKADOT', 'CHARLOTTE BAG PINK POLKADOT'})"
0.012558291745070768,"frozenset({'LUNCH BAG RED RETROSPOT', 'CHARLOTTE BAG PINK POLKADOT'})"
0.0106765933076986,"frozenset({'CHARLOTTE BAG PINK POLKADOT', 'PACK OF 72 RETROSPOT CAKE CASES'})"
0.021516812566473042,"frozenset({'RED RETROSPOT CHARLOTTE BAG', 'CHARLOTTE BAG PINK POLKADOT'})"
0.01562627832774278,"frozenset({'STRAWBERRY CHARLOTTE BAG', 'CHARLOTTE BAG PINK POLKADOT'})"
0.01623987564427718,"frozenset({'WOODLAND CHARLOTTE BAG', 'CHARLOTTE BAG PINK POLKADOT'})"
0.0100629959911642,"frozenset({'CHARLOTTE BAG VINTAGE ALPHABET ', 'CHARLOTTE BAG SUKI DESIGN'})"
0.013417327988218932,"frozenset({'JUMBO BAG RED RETROSPOT', 'CHARLOTTE BAG SUKI DESIGN'})"
0.011576536038615725,"frozenset({'JUMBO STORAGE BAG SUKI', 'CHARLOTTE BAG SUKI DESIGN'})"
0.012517385257301807,"frozenset({'CHARLOTTE BAG SUKI DESIGN', 'LUNCH BAG  BLACK SKULL.'})"
0.010103902478933158,"frozenset({'LUNCH BAG APPLE DESIGN', 'CHARLOTTE BAG SUKI DESIGN'})"
0.011208377648695082,"frozenset({'CHARLOTTE BAG SUKI DESIGN', 'LUNCH BAG CARS BLUE'})"
0.014235457743598134,"frozenset({'CHARLOTTE BAG SUKI DESIGN', 'LUNCH BAG RED RETROSPOT'})"
0.010103902478933158,"frozenset({'CHARLOTTE BAG SUKI DESIGN', 'LUNCH BAG SPACEBOY DESIGN '})"
0.011699255501922605,"frozenset({'CHARLOTTE BAG SUKI DESIGN', 'LUNCH BAG SUKI DESIGN '})"
0.010022089503395238,"frozenset({'LUNCH BAG WOODLAND', 'CHARLOTTE BAG SUKI DESIGN'})"
0.011290190624233004,"frozenset({'CHARLOTTE BAG SUKI DESIGN', 'PACK OF 72 RETROSPOT CAKE CASES'})"
0.010267528430008999,"frozenset({'PARTY BUNTING', 'CHARLOTTE BAG SUKI DESIGN'})"
0.02086230876216968,"frozenset({'RED RETROSPOT CHARLOTTE BAG', 'CHARLOTTE BAG SUKI DESIGN'})"
0.017098911887425346,"frozenset({'CHARLOTTE BAG SUKI DESIGN', 'STRAWBERRY CHARLOTTE BAG'})"
0.018776077885952713,"frozenset({'WOODLAND CHARLOTTE BAG', 'CHARLOTTE BAG SUKI DESIGN'})"
0.01034934140554692,"frozenset({'CHARLOTTE BAG VINTAGE ALPHABET ', 'RED RETROSPOT CHARLOTTE BAG'})"
0.016158062668739263,"frozenset({'HOT WATER BOTTLE I AM SO POORLY', 'CHOCOLATE HOT WATER BOTTLE'})"
0.011085658185388203,"frozenset({'HOT WATER BOTTLE KEEP CALM', 'CHOCOLATE HOT WATER BOTTLE'})"
0.013744579890370612,"frozenset({'HOT WATER BOTTLE TEA AND SYMPATHY', 'CHOCOLATE HOT WATER BOTTLE'})"
0.010022089503395238,"frozenset({'RETROSPOT HEART HOT WATER BOTTLE', 'CHOCOLATE HOT WATER BOTTLE'})"
0.01276282418391557,"frozenset({'SCOTTIE DOG HOT WATER BOTTLE', 'CHOCOLATE HOT WATER BOTTLE'})"
0.011372003599770924,"frozenset({'CHRISTMAS CRAFT TREE TOP ANGEL', 'CHRISTMAS CRAFT LITTLE FRIENDS'})"
0.012558291745070768,"frozenset({'COOK WITH WINE METAL SIGN ', 'GIN + TONIC DIET METAL SIGN'})"
0.012149226867381166,"frozenset({'COOK WITH WINE METAL SIGN ', 'HAND OVER THE CHOCOLATE   SIGN '})"
0.012517385257301807,"frozenset({'COOK WITH WINE METAL SIGN ', 'PLEASE ONE PERSON METAL SIGN'})"
0.01034934140554692,"frozenset({'JUMBO BAG RED RETROSPOT', 'DOLLY GIRL LUNCH BOX'})"
0.01051296735662276,"frozenset({'LUNCH BOX I LOVE LONDON', 'DOLLY GIRL LUNCH BOX'})"
0.022007690419700566,"frozenset({'SPACEBOY LUNCH BOX ', 'DOLLY GIRL LUNCH BOX'})"
0.013540047451525813,"frozenset({'DOTCOM POSTAGE', 'GREEN REGENCY TEACUP AND SAUCER'})"
0.012108320379612207,"frozenset({'DOTCOM POSTAGE', 'JAM MAKING SET PRINTED'})"
0.01039024789331588,"frozenset({'DOTCOM POSTAGE', 'JAM MAKING SET WITH JARS'})"
0.011126564673157162,"frozenset({'DOTCOM POSTAGE', 'JUMBO  BAG BAROQUE BLACK WHITE'})"
0.01051296735662276,"frozenset({'DOTCOM POSTAGE', 'JUMBO BAG APPLES'})"
0.010185715454471079,"frozenset({'DOTCOM POSTAGE', 'JUMBO BAG OWLS'})"
0.014112738280291253,"frozenset({'DOTCOM POSTAGE', 'JUMBO BAG PINK POLKADOT'})"
0.019839646567945676,"frozenset({'DOTCOM POSTAGE', 'JUMBO BAG RED RETROSPOT'})"
0.011167471160926123,"frozenset({'DOTCOM POSTAGE', 'JUMBO BAG TOYS '})"
0.014767242084594616,"frozenset({'DOTCOM POSTAGE', 'JUMBO BAG WOODLAND ANIMALS'})"
0.014849055060132538,"frozenset({'DOTCOM POSTAGE', 'JUMBO SHOPPER VINTAGE RED PAISLEY'})"
0.016158062668739263,"frozenset({'DOTCOM POSTAGE', 'JUMBO STORAGE BAG SUKI'})"
0.011862881452998445,"frozenset({'DOTCOM POSTAGE', 'NATURAL SLATE HEART CHALKBOARD '})"
0.01030843491777796,"frozenset({'DOTCOM POSTAGE', 'RECIPE BOX PANTRY YELLOW DESIGN'})"
0.013826392865908534,"frozenset({'DOTCOM POSTAGE', 'RECYCLING BAG RETROSPOT '})"
0.012803730671684528,"frozenset({'DOTCOM POSTAGE', 'RED TOADSTOOL LED NIGHT LIGHT'})"
0.011740161989691566,"frozenset({'DOTCOM POSTAGE', 'ROSES REGENCY TEACUP AND SAUCER '})"
0.013744579890370612,"frozenset({'DOTCOM POSTAGE', 'SUKI  SHOULDER BAG'})"
0.011126564673157162,"frozenset({'DOTCOM POSTAGE', 'WHITE HANGING HEART T-LIGHT HOLDER'})"
0.01043115438108484,"frozenset({'FELTCRAFT PRINCESS LOLA DOLL', 'FELTCRAFT PRINCESS CHARLOTTE DOLL'})"
0.022457661785159126,"frozenset({'GARDENERS KNEELING PAD KEEP CALM ', 'GARDENERS KNEELING PAD CUP OF TEA '})"
0.011208377648695082,"frozenset({'HAND OVER THE CHOCOLATE   SIGN ', 'GIN + TONIC DIET METAL SIGN'})"
0.011290190624233004,"frozenset({'PLEASE ONE PERSON METAL SIGN', 'GIN + TONIC DIET METAL SIGN'})"
0.01043115438108484,"frozenset({'GREEN REGENCY TEACUP AND SAUCER', 'JAM MAKING SET PRINTED'})"
0.010717499795467562,"frozenset({'GREEN REGENCY TEACUP AND SAUCER', 'JAM MAKING SET WITH JARS'})"
0.011085658185388203,"frozenset({'JUMBO BAG RED RETROSPOT', 'GREEN REGENCY TEACUP AND SAUCER'})"
0.02634377812321034,"frozenset({'GREEN REGENCY TEACUP AND SAUCER', 'PINK REGENCY TEACUP AND SAUCER'})"
0.02118956066432136,"frozenset({'REGENCY CAKESTAND 3 TIER', 'GREEN REGENCY TEACUP AND SAUCER'})"
0.03207068641086476,"frozenset({'GREEN REGENCY TEACUP AND SAUCER', 'ROSES REGENCY TEACUP AND SAUCER '})"
0.011003845209850283,"frozenset({'GREEN REGENCY TEACUP AND SAUCER', 'WHITE HANGING HEART T-LIGHT HOLDER'})"
0.01043115438108484,"frozenset({'HAND OVER THE CHOCOLATE   SIGN ', 'PLEASE ONE PERSON METAL SIGN'})"
0.01276282418391557,"frozenset({'HAND WARMER BIRD DESIGN', 'HAND WARMER OWL DESIGN'})"
0.011699255501922605,"frozenset({'HAND WARMER BIRD DESIGN', 'HAND WARMER SCOTTY DOG DESIGN'})"
0.013703673402601653,"frozenset({'HAND WARMER SCOTTY DOG DESIGN', 'HAND WARMER OWL DESIGN'})"
0.011453816575308844,"frozenset({'SINGLE HEART ZINC T-LIGHT HOLDER', 'HANGING HEART ZINC T-LIGHT HOLDER'})"
0.020207804957866317,"frozenset({'HEART OF WICKER SMALL', 'HEART OF WICKER LARGE'})"
0.014644522621287737,"frozenset({'WHITE HANGING HEART T-LIGHT HOLDER', 'HEART OF WICKER LARGE'})"
0.01051296735662276,"frozenset({'HEART OF WICKER SMALL', 'JUMBO BAG RED RETROSPOT'})"
0.012149226867381166,"frozenset({'HEART OF WICKER SMALL', 'NATURAL SLATE HEART CHALKBOARD '})"
0.015994436717663423,"frozenset({'HEART OF WICKER SMALL', 'WHITE HANGING HEART T-LIGHT HOLDER'})"
0.012149226867381166,"frozenset({'HOME BUILDING BLOCK WORD', 'LOVE BUILDING BLOCK WORD'})"
0.01043115438108484,"frozenset({'HOME BUILDING BLOCK WORD', 'WHITE HANGING HEART T-LIGHT HOLDER'})"
0.010881125746543402,"frozenset({'HOT WATER BOTTLE I AM SO POORLY', 'HOT WATER BOTTLE TEA AND SYMPATHY'})"
0.010840219258774441,"frozenset({'HOT WATER BOTTLE KEEP CALM', 'HOT WATER BOTTLE TEA AND SYMPATHY'})"
0.012353759306225967,"frozenset({'IVORY KITCHEN SCALES', 'RED KITCHEN SCALES'})"
0.019430581690256073,"frozenset({'JAM MAKING SET PRINTED', 'JAM MAKING SET WITH JARS'})"
0.01276282418391557,"frozenset({'JUMBO BAG RED RETROSPOT', 'JAM MAKING SET PRINTED'})"
0.011249284136464043,"frozenset({'JAM MAKING SET PRINTED', 'PACK OF 72 RETROSPOT CAKE CASES'})"
0.013540047451525813,"frozenset({'JAM MAKING SET PRINTED', 'RECIPE BOX PANTRY YELLOW DESIGN'})"
0.012108320379612207,"frozenset({'REGENCY CAKESTAND 3 TIER', 'JAM MAKING SET PRINTED'})"
0.014235457743598134,"frozenset({'JAM MAKING SET PRINTED', 'SET OF 3 CAKE TINS PANTRY DESIGN '})"
0.011372003599770924,"frozenset({'JAM MAKING SET PRINTED', 'SET OF 4 PANTRY JELLY MOULDS'})"
0.011044751697619242,"frozenset({'JAM MAKING SET PRINTED', 'WHITE HANGING HEART T-LIGHT HOLDER'})"
0.011821974965229486,"frozenset({'JUMBO BAG RED RETROSPOT', 'JAM MAKING SET WITH JARS'})"
0.010922032234312361,"frozenset({'JAM MAKING SET WITH JARS', 'PACK OF 72 RETROSPOT CAKE CASES'})"
0.013990018816984374,"frozenset({'RECIPE BOX PANTRY YELLOW DESIGN', 'JAM MAKING SET WITH JARS'})"
0.011903787940767406,"frozenset({'REGENCY CAKESTAND 3 TIER', 'JAM MAKING SET WITH JARS'})"
0.01034934140554692,"frozenset({'ROSES REGENCY TEACUP AND SAUCER ', 'JAM MAKING SET WITH JARS'})"
0.01574899779104966,"frozenset({'SET OF 3 CAKE TINS PANTRY DESIGN ', 'JAM MAKING SET WITH JARS'})"
0.01268101120837765,"frozenset({'SET OF 4 PANTRY JELLY MOULDS', 'JAM MAKING SET WITH JARS'})"
0.011044751697619242,"frozenset({'SET OF 6 SPICE TINS PANTRY DESIGN', 'JAM MAKING SET WITH JARS'})"
0.011003845209850283,"frozenset({'WHITE HANGING HEART T-LIGHT HOLDER', 'JAM MAKING SET WITH JARS'})"
0.011781068477460525,"frozenset({'JUMBO  BAG BAROQUE BLACK WHITE', 'JUMBO BAG APPLES'})"
0.010635686819929642,"frozenset({'JUMBO  BAG BAROQUE BLACK WHITE', 'JUMBO BAG OWLS'})"
0.017058005399656385,"frozenset({'JUMBO BAG PINK POLKADOT', 'JUMBO  BAG BAROQUE BLACK WHITE'})"
0.011331097112001963,"frozenset({'JUMBO BAG PINK VINTAGE PAISLEY', 'JUMBO  BAG BAROQUE BLACK WHITE'})"
0.024257547246993375,"frozenset({'JUMBO BAG RED RETROSPOT', 'JUMBO  BAG BAROQUE BLACK WHITE'})"
0.01043115438108484,"frozenset({'JUMBO BAG SCANDINAVIAN BLUE PAISLEY', 'JUMBO  BAG BAROQUE BLACK WHITE'})"
0.011208377648695082,"frozenset({'JUMBO BAG STRAWBERRY', 'JUMBO  BAG BAROQUE BLACK WHITE'})"
0.012476478769532848,"frozenset({'JUMBO  BAG BAROQUE BLACK WHITE', 'JUMBO BAG WOODLAND ANIMALS'})"
0.017344350814039105,"frozenset({'JUMBO SHOPPER VINTAGE RED PAISLEY', 'JUMBO  BAG BAROQUE BLACK WHITE'})"
0.010840219258774441,"frozenset({'JUMBO  BAG BAROQUE BLACK WHITE', 'JUMBO STORAGE BAG SKULLS'})"
0.017303444326270147,"frozenset({'JUMBO STORAGE BAG SUKI', 'JUMBO  BAG BAROQUE BLACK WHITE'})"
0.0106765933076986,"frozenset({'JUMBO  BAG BAROQUE BLACK WHITE', 'LUNCH BAG RED RETROSPOT'})"
0.01051296735662276,"frozenset({'JUMBO BAG RED RETROSPOT', ""JUMBO BAG 50'S CHRISTMAS ""})"
0.013253702037143092,"frozenset({'JUMBO BAG VINTAGE CHRISTMAS ', ""JUMBO BAG 50'S CHRISTMAS ""})"
0.010635686819929642,"frozenset({""PAPER CHAIN KIT 50'S CHRISTMAS "", ""JUMBO BAG 50'S CHRISTMAS ""})"
0.016198969156508224,"frozenset({'JUMBO BAG APPLES', 'JUMBO BAG ALPHABET'})"
0.011167471160926123,"frozenset({'JUMBO BAG PINK POLKADOT', 'JUMBO BAG ALPHABET'})"
0.017180724862963265,"frozenset({'JUMBO BAG RED RETROSPOT', 'JUMBO BAG ALPHABET'})"
0.01300826311052933,"frozenset({'JUMBO BAG VINTAGE LEAF', 'JUMBO BAG ALPHABET'})"
0.0104720608688538,"frozenset({'JUMBO SHOPPER VINTAGE RED PAISLEY', 'JUMBO BAG ALPHABET'})"
0.012067413891843246,"frozenset({'JUMBO STORAGE BAG SUKI', 'JUMBO BAG ALPHABET'})"
0.0106765933076986,"frozenset({'LUNCH BAG ALPHABET DESIGN', 'JUMBO BAG ALPHABET'})"
0.016771659985273666,"frozenset({'JUMBO BAG PEARS', 'JUMBO BAG APPLES'})"
0.015094493986746298,"frozenset({'JUMBO BAG PINK POLKADOT', 'JUMBO BAG APPLES'})"
0.01034934140554692,"frozenset({'JUMBO BAG PINK VINTAGE PAISLEY', 'JUMBO BAG APPLES'})"
0.022703100711772888,"frozenset({'JUMBO BAG RED RETROSPOT', 'JUMBO BAG APPLES'})"
0.01030843491777796,"frozenset({'JUMBO BAG SCANDINAVIAN BLUE PAISLEY', 'JUMBO BAG APPLES'})"
0.014971774523439417,"frozenset({'JUMBO BAG VINTAGE LEAF', 'JUMBO BAG APPLES'})"
0.012435572281763887,"frozenset({'JUMBO BAG APPLES', 'JUMBO BAG WOODLAND ANIMALS'})"
0.013744579890370612,"frozenset({'JUMBO SHOPPER VINTAGE RED PAISLEY', 'JUMBO BAG APPLES'})"
0.0155035588644359,"frozenset({'JUMBO STORAGE BAG SUKI', 'JUMBO BAG APPLES'})"
0.014971774523439417,"frozenset({'LUNCH BAG APPLE DESIGN', 'JUMBO BAG APPLES'})"
0.011167471160926123,"frozenset({'LUNCH BAG RED RETROSPOT', 'JUMBO BAG APPLES'})"
0.011290190624233004,"frozenset({'JUMBO BAG RED RETROSPOT', 'JUMBO BAG DOLLY GIRL DESIGN'})"
0.011535629550846764,"frozenset({'JUMBO BAG PINK POLKADOT', 'JUMBO BAG OWLS'})"
0.016117156180970302,"frozenset({'JUMBO BAG RED RETROSPOT', 'JUMBO BAG OWLS'})"
0.011576536038615725,"frozenset({'JUMBO BAG OWLS', 'JUMBO BAG WOODLAND ANIMALS'})"
0.010758406283236521,"frozenset({'JUMBO SHOPPER VINTAGE RED PAISLEY', 'JUMBO BAG OWLS'})"
0.01304916959829829,"frozenset({'JUMBO STORAGE BAG SUKI', 'JUMBO BAG OWLS'})"
0.012026507404074287,"frozenset({'JUMBO BAG RED RETROSPOT', 'JUMBO BAG PEARS'})"
0.01288554364722245,"frozenset({'JUMBO BAG VINTAGE LEAF', 'JUMBO BAG PEARS'})"
0.01566718481551174,"frozenset({'JUMBO BAG PINK POLKADOT', 'JUMBO BAG PINK VINTAGE PAISLEY'})"
0.034075104311543813,"frozenset({'JUMBO BAG PINK POLKADOT', 'JUMBO BAG RED RETROSPOT'})"
0.01309007608606725,"frozenset({'JUMBO BAG PINK POLKADOT', 'JUMBO BAG SCANDINAVIAN BLUE PAISLEY'})"
0.013949112329215413,"frozenset({'JUMBO BAG PINK POLKADOT', 'JUMBO BAG SPACEBOY DESIGN'})"
0.014276364231367095,"frozenset({'JUMBO BAG PINK POLKADOT', 'JUMBO BAG STRAWBERRY'})"
0.011535629550846764,"frozenset({'JUMBO BAG PINK POLKADOT', 'JUMBO BAG TOYS '})"
0.017630696228421828,"frozenset({'JUMBO BAG PINK POLKADOT', 'JUMBO BAG WOODLAND ANIMALS'})"
0.019307862226949194,"frozenset({'JUMBO BAG PINK POLKADOT', 'JUMBO SHOPPER VINTAGE RED PAISLEY'})"
0.013540047451525813,"frozenset({'JUMBO BAG PINK POLKADOT', 'JUMBO STORAGE BAG SKULLS'})"
0.02118956066432136,"frozenset({'JUMBO BAG PINK POLKADOT', 'JUMBO STORAGE BAG SUKI'})"
0.01051296735662276,"frozenset({'JUMBO BAG PINK POLKADOT', 'LUNCH BAG  BLACK SKULL.'})"
0.012353759306225967,"frozenset({'JUMBO BAG PINK POLKADOT', 'LUNCH BAG PINK POLKADOT'})"
0.013253702037143092,"frozenset({'JUMBO BAG PINK POLKADOT', 'LUNCH BAG RED RETROSPOT'})"
0.012231039842919088,"frozenset({'JUMBO BAG PINK POLKADOT', 'RECYCLING BAG RETROSPOT '})"
0.01055387384439172,"frozenset({'JUMBO BAG PINK POLKADOT', 'WHITE HANGING HEART T-LIGHT HOLDER'})"
0.0213531866153972,"frozenset({'JUMBO BAG PINK VINTAGE PAISLEY', 'JUMBO BAG RED RETROSPOT'})"
0.014153644768060214,"frozenset({'JUMBO BAG PINK VINTAGE PAISLEY', 'JUMBO BAG SCANDINAVIAN BLUE PAISLEY'})"
0.011821974965229486,"frozenset({'JUMBO BAG PINK VINTAGE PAISLEY', 'JUMBO BAG STRAWBERRY'})"
0.011453816575308844,"frozenset({'JUMBO BAG PINK VINTAGE PAISLEY', 'JUMBO BAG WOODLAND ANIMALS'})"
0.017262537838501187,"frozenset({'JUMBO BAG PINK VINTAGE PAISLEY', 'JUMBO SHOPPER VINTAGE RED PAISLEY'})"
0.010185715454471079,"frozenset({'JUMBO BAG PINK VINTAGE PAISLEY', 'JUMBO STORAGE BAG SKULLS'})"
0.014971774523439417,"frozenset({'JUMBO BAG PINK VINTAGE PAISLEY', 'JUMBO STORAGE BAG SUKI'})"
0.01848973247156999,"frozenset({'JUMBO BAG RED RETROSPOT', 'JUMBO BAG SCANDINAVIAN BLUE PAISLEY'})"
0.01767160271619079,"frozenset({'JUMBO BAG RED RETROSPOT', 'JUMBO BAG SPACEBOY DESIGN'})"
0.022294035834083285,"frozenset({'JUMBO BAG RED RETROSPOT', 'JUMBO BAG STRAWBERRY'})"
0.014235457743598134,"frozenset({'JUMBO BAG RED RETROSPOT', 'JUMBO BAG TOYS '})"
0.014726335596825657,"frozenset({'JUMBO BAG RED RETROSPOT', 'JUMBO BAG VINTAGE DOILY '})"
0.017467070277345988,"frozenset({'JUMBO BAG RED RETROSPOT', 'JUMBO BAG VINTAGE LEAF'})"
0.022007690419700566,"frozenset({'JUMBO BAG RED RETROSPOT', 'JUMBO BAG WOODLAND ANIMALS'})"
0.027939131146199787,"frozenset({'JUMBO SHOPPER VINTAGE RED PAISLEY', 'JUMBO BAG RED RETROSPOT'})"
0.016976192424118464,"frozenset({'JUMBO BAG RED RETROSPOT', 'JUMBO STORAGE BAG SKULLS'})"
0.029984455534647795,"frozenset({'JUMBO BAG RED RETROSPOT', 'JUMBO STORAGE BAG SUKI'})"
0.0157080913032807,"frozenset({'JUMBO BAG RED RETROSPOT', 'LUNCH BAG  BLACK SKULL.'})"
0.012231039842919088,"frozenset({'LUNCH BAG APPLE DESIGN', 'JUMBO BAG RED RETROSPOT'})"
0.01337642150044997,"frozenset({'JUMBO BAG RED RETROSPOT', 'LUNCH BAG CARS BLUE'})"
0.015053587498977337,"frozenset({'LUNCH BAG PINK POLKADOT', 'JUMBO BAG RED RETROSPOT'})"
0.024053014808148573,"frozenset({'JUMBO BAG RED RETROSPOT', 'LUNCH BAG RED RETROSPOT'})"
0.011617442526384684,"frozenset({'JUMBO BAG RED RETROSPOT', 'LUNCH BAG SPACEBOY DESIGN '})"
0.013540047451525813,"frozenset({'JUMBO BAG RED RETROSPOT', 'LUNCH BAG SUKI DESIGN '})"
0.011985600916305326,"frozenset({'LUNCH BAG WOODLAND', 'JUMBO BAG RED RETROSPOT'})"
0.01304916959829829,"frozenset({'JUMBO BAG RED RETROSPOT', 'NATURAL SLATE HEART CHALKBOARD '})"
0.013621860427063733,"frozenset({'JUMBO BAG RED RETROSPOT', 'PACK OF 72 RETROSPOT CAKE CASES'})"
0.013580953939294772,"frozenset({'JUMBO BAG RED RETROSPOT', 'PARTY BUNTING'})"
0.011821974965229486,"frozenset({'JUMBO BAG RED RETROSPOT', 'RECIPE BOX PANTRY YELLOW DESIGN'})"
0.016976192424118464,"frozenset({'JUMBO BAG RED RETROSPOT', 'RECYCLING BAG RETROSPOT '})"
0.01771250920395975,"frozenset({'JUMBO BAG RED RETROSPOT', 'RED RETROSPOT CHARLOTTE BAG'})"
0.010022089503395238,"frozenset({'JUMBO BAG RED RETROSPOT', 'RED RETROSPOT PICNIC BAG'})"
0.011862881452998445,"frozenset({'RED RETROSPOT SHOPPER BAG', 'JUMBO BAG RED RETROSPOT'})"
0.012190133355150127,"frozenset({'JUMBO BAG RED RETROSPOT', 'RED TOADSTOOL LED NIGHT LIGHT'})"
0.011781068477460525,"frozenset({'REGENCY CAKESTAND 3 TIER', 'JUMBO BAG RED RETROSPOT'})"
0.01051296735662276,"frozenset({'JUMBO BAG RED RETROSPOT', 'ROSES REGENCY TEACUP AND SAUCER '})"
0.012599198232839729,"frozenset({'JUMBO BAG RED RETROSPOT', 'SET OF 3 CAKE TINS PANTRY DESIGN '})"
0.010881125746543402,"frozenset({'JUMBO BAG RED RETROSPOT', 'SET OF 4 PANTRY JELLY MOULDS'})"
0.011740161989691566,"frozenset({'SET/20 RED RETROSPOT PAPER NAPKINS ', 'JUMBO BAG RED RETROSPOT'})"
0.01043115438108484,"frozenset({'JUMBO BAG RED RETROSPOT', 'SPACEBOY LUNCH BOX '})"
0.011044751697619242,"frozenset({'JUMBO BAG RED RETROSPOT', 'STRAWBERRY CHARLOTTE BAG'})"
0.011535629550846764,"frozenset({'JUMBO BAG RED RETROSPOT', 'SUKI  SHOULDER BAG'})"
0.01848973247156999,"frozenset({'JUMBO BAG RED RETROSPOT', 'WHITE HANGING HEART T-LIGHT HOLDER'})"
0.011658349014153645,"frozenset({'JUMBO BAG RED RETROSPOT', 'WOODEN PICTURE FRAME WHITE FINISH'})"
0.012353759306225967,"frozenset({'WOODLAND CHARLOTTE BAG', 'JUMBO BAG RED RETROSPOT'})"
0.014439990182442936,"frozenset({'JUMBO SHOPPER VINTAGE RED PAISLEY', 'JUMBO BAG SCANDINAVIAN BLUE PAISLEY'})"
0.012394665793994928,"frozenset({'JUMBO BAG SCANDINAVIAN BLUE PAISLEY', 'JUMBO STORAGE BAG SUKI'})"
0.011944694428536367,"frozenset({'JUMBO BAG WOODLAND ANIMALS', 'JUMBO BAG SPACEBOY DESIGN'})"
0.011249284136464043,"frozenset({'JUMBO SHOPPER VINTAGE RED PAISLEY', 'JUMBO BAG SPACEBOY DESIGN'})"
0.014194551255829175,"frozenset({'JUMBO STORAGE BAG SUKI', 'JUMBO BAG SPACEBOY DESIGN'})"
0.0100629959911642,"frozenset({'JUMBO SHOPPER VINTAGE RED PAISLEY', 'JUMBO BAG STRAWBERRY'})"
0.01296735662276037,"frozenset({'JUMBO STORAGE BAG SUKI', 'JUMBO BAG STRAWBERRY'})"
0.01030843491777796,"frozenset({'JUMBO BAG STRAWBERRY', 'LUNCH BAG RED RETROSPOT'})"
0.011821974965229486,"frozenset({'JUMBO BAG WOODLAND ANIMALS', 'JUMBO BAG TOYS '})"
0.010881125746543402,"frozenset({'JUMBO SHOPPER VINTAGE RED PAISLEY', 'JUMBO BAG TOYS '})"
0.012190133355150127,"frozenset({'JUMBO STORAGE BAG SUKI', 'JUMBO BAG TOYS '})"
0.011576536038615725,"frozenset({'JUMBO BAG VINTAGE LEAF', 'JUMBO BAG VINTAGE DOILY '})"
0.011167471160926123,"frozenset({'LUNCH BAG VINTAGE DOILY ', 'JUMBO BAG VINTAGE DOILY '})"
0.01059478033216068,"frozenset({'JUMBO SHOPPER VINTAGE RED PAISLEY', 'JUMBO BAG VINTAGE LEAF'})"
0.010962938722081322,"frozenset({'JUMBO BAG VINTAGE LEAF', 'JUMBO STORAGE BAG SUKI'})"
0.01595353022989446,"frozenset({'JUMBO SHOPPER VINTAGE RED PAISLEY', 'JUMBO BAG WOODLAND ANIMALS'})"
0.011412910087539883,"frozenset({'JUMBO STORAGE BAG SKULLS', 'JUMBO BAG WOODLAND ANIMALS'})"
0.01840791949603207,"frozenset({'JUMBO STORAGE BAG SUKI', 'JUMBO BAG WOODLAND ANIMALS'})"
0.011208377648695082,"frozenset({'RECYCLING BAG RETROSPOT ', 'JUMBO BAG WOODLAND ANIMALS'})"
0.012312852818457008,"frozenset({'JUMBO SHOPPER VINTAGE RED PAISLEY', 'JUMBO STORAGE BAG SKULLS'})"
0.02147590607870408,"frozenset({'JUMBO SHOPPER VINTAGE RED PAISLEY', 'JUMBO STORAGE BAG SUKI'})"
0.011740161989691566,"frozenset({'JUMBO SHOPPER VINTAGE RED PAISLEY', 'LUNCH BAG RED RETROSPOT'})"
0.01055387384439172,"frozenset({'JUMBO SHOPPER VINTAGE RED PAISLEY', 'RECYCLING BAG RETROSPOT '})"
0.011167471160926123,"frozenset({'JUMBO SHOPPER VINTAGE RED PAISLEY', 'WHITE HANGING HEART T-LIGHT HOLDER'})"
0.015012681011208378,"frozenset({'JUMBO STORAGE BAG SUKI', 'JUMBO STORAGE BAG SKULLS'})"
0.0106765933076986,"frozenset({'LUNCH BAG  BLACK SKULL.', 'JUMBO STORAGE BAG SKULLS'})"
0.011576536038615725,"frozenset({'JUMBO STORAGE BAG SUKI', 'LUNCH BAG  BLACK SKULL.'})"
0.010103902478933158,"frozenset({'LUNCH BAG PINK POLKADOT', 'JUMBO STORAGE BAG SUKI'})"
0.014071831792522294,"frozenset({'JUMBO STORAGE BAG SUKI', 'LUNCH BAG RED RETROSPOT'})"
0.012517385257301807,"frozenset({'JUMBO STORAGE BAG SUKI', 'LUNCH BAG SUKI DESIGN '})"
0.012108320379612207,"frozenset({'JUMBO STORAGE BAG SUKI', 'RECYCLING BAG RETROSPOT '})"
0.011412910087539883,"frozenset({'RED RETROSPOT CHARLOTTE BAG', 'JUMBO STORAGE BAG SUKI'})"
0.012435572281763887,"frozenset({'JUMBO STORAGE BAG SUKI', 'WHITE HANGING HEART T-LIGHT HOLDER'})"
0.012231039842919088,"frozenset({'LARGE WHITE HEART OF WICKER', 'SMALL WHITE HEART OF WICKER'})"
0.012476478769532848,"frozenset({'LUNCH BAG  BLACK SKULL.', 'LUNCH BAG ALPHABET DESIGN'})"
0.016976192424118464,"frozenset({'LUNCH BAG APPLE DESIGN', 'LUNCH BAG  BLACK SKULL.'})"
0.021516812566473042,"frozenset({'LUNCH BAG CARS BLUE', 'LUNCH BAG  BLACK SKULL.'})"
0.012353759306225967,"frozenset({'LUNCH BAG  BLACK SKULL.', 'LUNCH BAG DOLLY GIRL DESIGN'})"
0.022375848809621207,"frozenset({'LUNCH BAG PINK POLKADOT', 'LUNCH BAG  BLACK SKULL.'})"
0.026507404074286183,"frozenset({'LUNCH BAG  BLACK SKULL.', 'LUNCH BAG RED RETROSPOT'})"
0.02098502822547656,"frozenset({'LUNCH BAG  BLACK SKULL.', 'LUNCH BAG SPACEBOY DESIGN '})"
0.02118956066432136,"frozenset({'LUNCH BAG  BLACK SKULL.', 'LUNCH BAG SUKI DESIGN '})"
0.012026507404074287,"frozenset({'LUNCH BAG  BLACK SKULL.', 'LUNCH BAG VINTAGE LEAF DESIGN'})"
0.01836701300826311,"frozenset({'LUNCH BAG WOODLAND', 'LUNCH BAG  BLACK SKULL.'})"
0.011494723063077803,"frozenset({'LUNCH BAG  BLACK SKULL.', 'PACK OF 72 RETROSPOT CAKE CASES'})"
0.010267528430008999,"frozenset({'PARTY BUNTING', 'LUNCH BAG  BLACK SKULL.'})"
0.014480896670211896,"frozenset({'RED RETROSPOT CHARLOTTE BAG', 'LUNCH BAG  BLACK SKULL.'})"
0.011576536038615725,"frozenset({'LUNCH BAG  BLACK SKULL.', 'STRAWBERRY CHARLOTTE BAG'})"
0.010840219258774441,"frozenset({'LUNCH BAG  BLACK SKULL.', 'WHITE HANGING HEART T-LIGHT HOLDER'})"
0.011699255501922605,"frozenset({'WOODLAND CHARLOTTE BAG', 'LUNCH BAG  BLACK SKULL.'})"
0.015421745888897978,"frozenset({'LUNCH BAG APPLE DESIGN', 'LUNCH BAG ALPHABET DESIGN'})"
0.011699255501922605,"frozenset({'LUNCH BAG CARS BLUE', 'LUNCH BAG ALPHABET DESIGN'})"
0.0104720608688538,"frozenset({'LUNCH BAG PINK POLKADOT', 'LUNCH BAG ALPHABET DESIGN'})"
0.01284463715945349,"frozenset({'LUNCH BAG ALPHABET DESIGN', 'LUNCH BAG RED RETROSPOT'})"
0.012558291745070768,"frozenset({'LUNCH BAG ALPHABET DESIGN', 'LUNCH BAG SPACEBOY DESIGN '})"
0.01321279554937413,"frozenset({'LUNCH BAG ALPHABET DESIGN', 'LUNCH BAG SUKI DESIGN '})"
0.011535629550846764,"frozenset({'LUNCH BAG ALPHABET DESIGN', 'LUNCH BAG VINTAGE LEAF DESIGN'})"
0.01034934140554692,"frozenset({'LUNCH BAG WOODLAND', 'LUNCH BAG ALPHABET DESIGN'})"
0.015053587498977337,"frozenset({'LUNCH BAG APPLE DESIGN', 'LUNCH BAG CARS BLUE'})"
0.014358177206905015,"frozenset({'LUNCH BAG PINK POLKADOT', 'LUNCH BAG APPLE DESIGN'})"
0.020044179006790477,"frozenset({'LUNCH BAG APPLE DESIGN', 'LUNCH BAG RED RETROSPOT'})"
0.016158062668739263,"frozenset({'LUNCH BAG APPLE DESIGN', 'LUNCH BAG SPACEBOY DESIGN '})"
0.018448825983801032,"frozenset({'LUNCH BAG APPLE DESIGN', 'LUNCH BAG SUKI DESIGN '})"
0.014849055060132538,"frozenset({'LUNCH BAG APPLE DESIGN', 'LUNCH BAG VINTAGE LEAF DESIGN'})"
0.015176306962284218,"frozenset({'LUNCH BAG WOODLAND', 'LUNCH BAG APPLE DESIGN'})"
0.0100629959911642,"frozenset({'LUNCH BAG APPLE DESIGN', 'PARTY BUNTING'})"
0.011167471160926123,"frozenset({'LUNCH BAG APPLE DESIGN', 'RED RETROSPOT CHARLOTTE BAG'})"
0.011331097112001963,"frozenset({'LUNCH BAG CARS BLUE', 'LUNCH BAG DOLLY GIRL DESIGN'})"
0.0207395892988628,"frozenset({'LUNCH BAG PINK POLKADOT', 'LUNCH BAG CARS BLUE'})"
0.02294853963838665,"frozenset({'LUNCH BAG CARS BLUE', 'LUNCH BAG RED RETROSPOT'})"
0.019921459543483597,"frozenset({'LUNCH BAG CARS BLUE', 'LUNCH BAG SPACEBOY DESIGN '})"
0.019430581690256073,"frozenset({'LUNCH BAG CARS BLUE', 'LUNCH BAG SUKI DESIGN '})"
0.018612451934876872,"frozenset({'LUNCH BAG WOODLAND', 'LUNCH BAG CARS BLUE'})"
0.012558291745070768,"frozenset({'RED RETROSPOT CHARLOTTE BAG', 'LUNCH BAG CARS BLUE'})"
0.010962938722081322,"frozenset({'LUNCH BAG CARS BLUE', 'STRAWBERRY CHARLOTTE BAG'})"
0.01014480896670212,"frozenset({'LUNCH BAG CARS BLUE', 'WHITE HANGING HEART T-LIGHT HOLDER'})"
0.010881125746543402,"frozenset({'WOODLAND CHARLOTTE BAG', 'LUNCH BAG CARS BLUE'})"
0.010881125746543402,"frozenset({'LUNCH BAG PINK POLKADOT', 'LUNCH BAG DOLLY GIRL DESIGN'})"
0.014644522621287737,"frozenset({'LUNCH BAG RED RETROSPOT', 'LUNCH BAG DOLLY GIRL DESIGN'})"
0.01587171725435654,"frozenset({'LUNCH BAG SPACEBOY DESIGN ', 'LUNCH BAG DOLLY GIRL DESIGN'})"
0.011617442526384684,"frozenset({'LUNCH BAG SUKI DESIGN ', 'LUNCH BAG DOLLY GIRL DESIGN'})"
0.011658349014153645,"frozenset({'LUNCH BAG WOODLAND', 'LUNCH BAG DOLLY GIRL DESIGN'})"
0.025075677002372575,"frozenset({'LUNCH BAG PINK POLKADOT', 'LUNCH BAG RED RETROSPOT'})"
0.017630696228421828,"frozenset({'LUNCH BAG PINK POLKADOT', 'LUNCH BAG SPACEBOY DESIGN '})"
0.017139818375194307,"frozenset({'LUNCH BAG PINK POLKADOT', 'LUNCH BAG SUKI DESIGN '})"
0.016403501595353025,"frozenset({'LUNCH BAG WOODLAND', 'LUNCH BAG PINK POLKADOT'})"
0.011372003599770924,"frozenset({'LUNCH BAG PINK POLKADOT', 'RED RETROSPOT CHARLOTTE BAG'})"
0.011044751697619242,"frozenset({'LUNCH BAG PINK POLKADOT', 'WHITE HANGING HEART T-LIGHT HOLDER'})"
0.023030352613924568,"frozenset({'LUNCH BAG RED RETROSPOT', 'LUNCH BAG SPACEBOY DESIGN '})"
0.02307125910169353,"frozenset({'LUNCH BAG RED RETROSPOT', 'LUNCH BAG SUKI DESIGN '})"
0.011412910087539883,"frozenset({'LUNCH BAG VINTAGE DOILY ', 'LUNCH BAG RED RETROSPOT'})"
0.012558291745070768,"frozenset({'LUNCH BAG RED RETROSPOT', 'LUNCH BAG VINTAGE LEAF DESIGN'})"
0.021762251493086804,"frozenset({'LUNCH BAG WOODLAND', 'LUNCH BAG RED RETROSPOT'})"
0.014399083694673975,"frozenset({'LUNCH BAG RED RETROSPOT', 'PACK OF 72 RETROSPOT CAKE CASES'})"
0.01321279554937413,"frozenset({'PARTY BUNTING', 'LUNCH BAG RED RETROSPOT'})"
0.01623987564427718,"frozenset({'RED RETROSPOT CHARLOTTE BAG', 'LUNCH BAG RED RETROSPOT'})"
0.011331097112001963,"frozenset({'REGENCY CAKESTAND 3 TIER', 'LUNCH BAG RED RETROSPOT'})"
0.012435572281763887,"frozenset({'LUNCH BAG RED RETROSPOT', 'STRAWBERRY CHARLOTTE BAG'})"
0.013580953939294772,"frozenset({'LUNCH BAG RED RETROSPOT', 'WHITE HANGING HEART T-LIGHT HOLDER'})"
0.012803730671684528,"frozenset({'WOODLAND CHARLOTTE BAG', 'LUNCH BAG RED RETROSPOT'})"
0.018776077885952713,"frozenset({'LUNCH BAG SUKI DESIGN ', 'LUNCH BAG SPACEBOY DESIGN '})"
0.010881125746543402,"frozenset({'LUNCH BAG SPACEBOY DESIGN ', 'LUNCH BAG VINTAGE LEAF DESIGN'})"
0.019757833592407757,"frozenset({'LUNCH BAG WOODLAND', 'LUNCH BAG SPACEBOY DESIGN '})"
0.011862881452998445,"frozenset({'RED RETROSPOT CHARLOTTE BAG', 'LUNCH BAG SPACEBOY DESIGN '})"
0.012108320379612207,"frozenset({'LUNCH BAG SUKI DESIGN ', 'LUNCH BAG VINTAGE LEAF DESIGN'})"
0.01603534320543238,"frozenset({'LUNCH BAG WOODLAND', 'LUNCH BAG SUKI DESIGN '})"
0.0104720608688538,"frozenset({'PARTY BUNTING', 'LUNCH BAG SUKI DESIGN '})"
0.011617442526384684,"frozenset({'RED RETROSPOT CHARLOTTE BAG', 'LUNCH BAG SUKI DESIGN '})"
0.010758406283236521,"frozenset({'LUNCH BAG WOODLAND', 'RED RETROSPOT CHARLOTTE BAG'})"
0.011494723063077803,"frozenset({'WOODLAND CHARLOTTE BAG', 'LUNCH BAG WOODLAND'})"
0.010922032234312361,"frozenset({'LUNCH BOX I LOVE LONDON', 'SPACEBOY LUNCH BOX '})"
0.01055387384439172,"frozenset({'PARTY BUNTING', 'NATURAL SLATE HEART CHALKBOARD '})"
0.017017098911887425,"frozenset({'NATURAL SLATE HEART CHALKBOARD ', 'WHITE HANGING HEART T-LIGHT HOLDER'})"
0.01309007608606725,"frozenset({'PACK OF 60 DINOSAUR CAKE CASES', 'PACK OF 72 RETROSPOT CAKE CASES'})"
0.01771250920395975,"frozenset({'PACK OF 60 PINK PAISLEY CAKE CASES', 'PACK OF 72 RETROSPOT CAKE CASES'})"
0.012312852818457008,"frozenset({'PACK OF 60 SPACEBOY CAKE CASES', 'PACK OF 72 RETROSPOT CAKE CASES'})"
0.015258119937822138,"frozenset({'PACK OF 72 SKULL CAKE CASES', 'PACK OF 72 RETROSPOT CAKE CASES'})"
0.012517385257301807,"frozenset({'PARTY BUNTING', 'PACK OF 72 RETROSPOT CAKE CASES'})"
0.011085658185388203,"frozenset({'RECIPE BOX PANTRY YELLOW DESIGN', 'PACK OF 72 RETROSPOT CAKE CASES'})"
0.01317188906160517,"frozenset({'RED RETROSPOT CHARLOTTE BAG', 'PACK OF 72 RETROSPOT CAKE CASES'})"
0.014685429109056696,"frozenset({'REGENCY CAKESTAND 3 TIER', 'PACK OF 72 RETROSPOT CAKE CASES'})"
0.0100629959911642,"frozenset({'SET OF 3 CAKE TINS PANTRY DESIGN ', 'PACK OF 72 RETROSPOT CAKE CASES'})"
0.01022662194224004,"frozenset({'SET OF 4 PANTRY JELLY MOULDS', 'PACK OF 72 RETROSPOT CAKE CASES'})"
0.012353759306225967,"frozenset({'SET/20 RED RETROSPOT PAPER NAPKINS ', 'PACK OF 72 RETROSPOT CAKE CASES'})"
0.0104720608688538,"frozenset({'STRAWBERRY CHARLOTTE BAG', 'PACK OF 72 RETROSPOT CAKE CASES'})"
0.011044751697619242,"frozenset({'WHITE HANGING HEART T-LIGHT HOLDER', 'PACK OF 72 RETROSPOT CAKE CASES'})"
0.011453816575308844,"frozenset({'WOODLAND CHARLOTTE BAG', 'PACK OF 72 RETROSPOT CAKE CASES'})"
0.010022089503395238,"frozenset({'PARTY BUNTING', 'PAPER BUNTING RETROSPOT'})"
0.022703100711772888,"frozenset({""PAPER CHAIN KIT 50'S CHRISTMAS "", 'PAPER CHAIN KIT VINTAGE CHRISTMAS'})"
0.0104720608688538,"frozenset({'SET OF 20 VINTAGE CHRISTMAS NAPKINS', ""PAPER CHAIN KIT 50'S CHRISTMAS ""})"
0.010962938722081322,"frozenset({'RED RETROSPOT CHARLOTTE BAG', 'PARTY BUNTING'})"
0.016280782132046142,"frozenset({'REGENCY CAKESTAND 3 TIER', 'PARTY BUNTING'})"
0.01014480896670212,"frozenset({'PARTY BUNTING', 'SET OF 3 CAKE TINS PANTRY DESIGN '})"
0.019921459543483597,"frozenset({'SPOTTY BUNTING', 'PARTY BUNTING'})"
0.01595353022989446,"frozenset({'PARTY BUNTING', 'WHITE HANGING HEART T-LIGHT HOLDER'})"
0.011085658185388203,"frozenset({'PINK CREAM FELT CRAFT TRINKET BOX ', 'PINK BLUE FELT CRAFT TRINKET BOX'})"
0.016444408083121982,"frozenset({'REGENCY CAKESTAND 3 TIER', 'PINK REGENCY TEACUP AND SAUCER'})"
0.025116583490141536,"frozenset({'PINK REGENCY TEACUP AND SAUCER', 'ROSES REGENCY TEACUP AND SAUCER '})"
0.011453816575308844,"frozenset({'SCANDINAVIAN PAISLEY PICNIC BAG', 'PINK VINTAGE PAISLEY PICNIC BAG'})"
0.011044751697619242,"frozenset({'PLASTERS IN TIN CIRCUS PARADE ', 'PLASTERS IN TIN SPACEBOY'})"
0.011576536038615725,"frozenset({'PLASTERS IN TIN CIRCUS PARADE ', 'PLASTERS IN TIN WOODLAND ANIMALS'})"
0.013990018816984374,"frozenset({'PLASTERS IN TIN SPACEBOY', 'PLASTERS IN TIN WOODLAND ANIMALS'})"
0.01284463715945349,"frozenset({""POPPY'S PLAYHOUSE BEDROOM "", ""POPPY'S PLAYHOUSE KITCHEN""})"
0.010717499795467562,"frozenset({""POPPY'S PLAYHOUSE BEDROOM "", ""POPPY'S PLAYHOUSE LIVINGROOM ""})"
0.010758406283236521,"frozenset({""POPPY'S PLAYHOUSE LIVINGROOM "", ""POPPY'S PLAYHOUSE KITCHEN""})"
0.012312852818457008,"frozenset({'REGENCY CAKESTAND 3 TIER', 'RECIPE BOX PANTRY YELLOW DESIGN'})"
0.016280782132046142,"frozenset({'SET OF 3 CAKE TINS PANTRY DESIGN ', 'RECIPE BOX PANTRY YELLOW DESIGN'})"
0.011290190624233004,"frozenset({'RECIPE BOX PANTRY YELLOW DESIGN', 'SET OF 4 PANTRY JELLY MOULDS'})"
0.010267528430008999,"frozenset({'SET OF 6 SPICE TINS PANTRY DESIGN', 'RECIPE BOX PANTRY YELLOW DESIGN'})"
0.012067413891843246,"frozenset({'RECIPE BOX PANTRY YELLOW DESIGN', 'WHITE HANGING HEART T-LIGHT HOLDER'})"
0.011249284136464043,"frozenset({'TOY TIDY PINK POLKADOT', 'RECYCLING BAG RETROSPOT '})"
0.02045324388448008,"frozenset({'RED HANGING HEART T-LIGHT HOLDER', 'WHITE HANGING HEART T-LIGHT HOLDER'})"
0.01051296735662276,"frozenset({'REGENCY CAKESTAND 3 TIER', 'RED RETROSPOT CHARLOTTE BAG'})"
0.020044179006790477,"frozenset({'RED RETROSPOT CHARLOTTE BAG', 'STRAWBERRY CHARLOTTE BAG'})"
0.0207395892988628,"frozenset({'WOODLAND CHARLOTTE BAG', 'RED RETROSPOT CHARLOTTE BAG'})"
0.021966783931931605,"frozenset({'REGENCY CAKESTAND 3 TIER', 'ROSES REGENCY TEACUP AND SAUCER '})"
0.01309007608606725,"frozenset({'REGENCY CAKESTAND 3 TIER', 'SET OF 3 CAKE TINS PANTRY DESIGN '})"
0.012803730671684528,"frozenset({'REGENCY CAKESTAND 3 TIER', 'SET OF 3 REGENCY CAKE TINS'})"
0.014726335596825657,"frozenset({'REGENCY CAKESTAND 3 TIER', 'WHITE HANGING HEART T-LIGHT HOLDER'})"
0.010635686819929642,"frozenset({'REGENCY CAKESTAND 3 TIER', 'WOODLAND CHARLOTTE BAG'})"
0.010022089503395238,"frozenset({'REGENCY MILK JUG PINK ', 'REGENCY SUGAR BOWL GREEN'})"
0.011535629550846764,"frozenset({'REGENCY TEA PLATE PINK', 'REGENCY TEA PLATE GREEN '})"
0.01317188906160517,"frozenset({'REGENCY TEA PLATE ROSES ', 'REGENCY TEA PLATE GREEN '})"
0.011126564673157162,"frozenset({'REGENCY TEA PLATE ROSES ', 'REGENCY TEA PLATE PINK'})"
0.011412910087539883,"frozenset({'REGENCY TEA PLATE ROSES ', 'ROSES REGENCY TEACUP AND SAUCER '})"
0.010922032234312361,"frozenset({'RETROSPOT HEART HOT WATER BOTTLE', 'SCOTTIE DOG HOT WATER BOTTLE'})"
0.01059478033216068,"frozenset({'WHITE HANGING HEART T-LIGHT HOLDER', 'ROSES REGENCY TEACUP AND SAUCER '})"
0.012803730671684528,"frozenset({'ROUND SNACK BOXES SET OF 4 FRUITS ', 'ROUND SNACK BOXES SET OF4 WOODLAND '})"
0.012558291745070768,"frozenset({'SET OF 12 MINI LOAF BAKING CASES', 'SET OF 12 FAIRY CAKE BAKING CASES'})"
0.01043115438108484,"frozenset({'SET OF 12 FAIRY CAKE BAKING CASES', 'SET OF 6 SNACK LOAF BAKING CASES'})"
0.0106765933076986,"frozenset({'SET OF 12 FAIRY CAKE BAKING CASES', 'SET OF 6 TEA TIME BAKING CASES'})"
0.012803730671684528,"frozenset({'SET OF 3 HEART COOKIE CUTTERS', 'SET OF 3 BUTTERFLY COOKIE CUTTERS'})"
0.011535629550846764,"frozenset({'SET OF 3 CAKE TINS PANTRY DESIGN ', 'SET OF 3 REGENCY CAKE TINS'})"
0.012190133355150127,"frozenset({'SET OF 3 CAKE TINS PANTRY DESIGN ', 'SET OF 4 PANTRY JELLY MOULDS'})"
0.016853472960811584,"frozenset({'SET OF 6 SPICE TINS PANTRY DESIGN', 'SET OF 3 CAKE TINS PANTRY DESIGN '})"
0.011331097112001963,"frozenset({'SET OF TEA COFFEE SUGAR TINS PANTRY', 'SET OF 3 CAKE TINS PANTRY DESIGN '})"
0.013335515012681012,"frozenset({'SET OF 3 CAKE TINS PANTRY DESIGN ', 'WHITE HANGING HEART T-LIGHT HOLDER'})"
0.010758406283236521,"frozenset({'WHITE HANGING HEART T-LIGHT HOLDER', 'SET OF 4 PANTRY JELLY MOULDS'})"
0.012108320379612207,"frozenset({'SET/20 RED RETROSPOT PAPER NAPKINS ', 'SET/6 RED SPOTTY PAPER CUPS'})"
0.015135400474515259,"frozenset({'SET/20 RED RETROSPOT PAPER NAPKINS ', 'SET/6 RED SPOTTY PAPER PLATES'})"
0.014317270719136055,"frozenset({'SET/6 RED SPOTTY PAPER PLATES', 'SET/6 RED SPOTTY PAPER CUPS'})"
0.01043115438108484,"frozenset({'SUKI  SHOULDER BAG', 'SKULL SHOULDER BAG'})"
0.014317270719136055,"frozenset({'SMALL MARSHMALLOWS PINK BOWL', 'SMALL DOLLY MIX DESIGN ORANGE BOWL'})"
0.011862881452998445,"frozenset({'STRAWBERRY CERAMIC TRINKET BOX', 'SWEETHEART CERAMIC TRINKET BOX'})"
0.016689847009735744,"frozenset({'WOODLAND CHARLOTTE BAG', 'STRAWBERRY CHARLOTTE BAG'})"
0.011821974965229486,"frozenset({'VICTORIAN GLASS HANGING T-LIGHT', 'WHITE HANGING HEART T-LIGHT HOLDER'})"
0.013990018816984374,"frozenset({'VINTAGE HEADS AND TAILS CARD GAME ', 'VINTAGE SNAP CARDS'})"
0.013949112329215413,"frozenset({'WOODEN FRAME ANTIQUE WHITE ', 'WHITE HANGING HEART T-LIGHT HOLDER'})"
0.016771659985273666,"frozenset({'WOODEN PICTURE FRAME WHITE FINISH', 'WHITE HANGING HEART T-LIGHT HOLDER'})"
0.022294035834083285,"frozenset({'WOODEN FRAME ANTIQUE WHITE ', 'WOODEN PICTURE FRAME WHITE FINISH'})"
0.0159126237421255,"frozenset({'WOODEN HEART CHRISTMAS SCANDINAVIAN', 'WOODEN STAR CHRISTMAS SCANDINAVIAN'})"
0.01022662194224004,"frozenset({'WOODEN HEART CHRISTMAS SCANDINAVIAN', 'WOODEN TREE CHRISTMAS SCANDINAVIAN'})"
0.011535629550846764,"frozenset({'WOODEN STAR CHRISTMAS SCANDINAVIAN', 'WOODEN TREE CHRISTMAS SCANDINAVIAN'})"
0.0106765933076986,"frozenset({'ALARM CLOCK BAKELIKE IVORY', 'ALARM CLOCK BAKELIKE RED ', 'ALARM CLOCK BAKELIKE GREEN'})"
0.01284463715945349,"frozenset({'ALARM CLOCK BAKELIKE RED ', 'ALARM CLOCK BAKELIKE GREEN', 'ALARM CLOCK BAKELIKE PINK'})"
0.013580953939294772,"frozenset({'RED RETROSPOT CHARLOTTE BAG', 'CHARLOTTE BAG SUKI DESIGN', 'CHARLOTTE BAG PINK POLKADOT'})"
0.011167471160926123,"frozenset({'CHARLOTTE BAG SUKI DESIGN', 'STRAWBERRY CHARLOTTE BAG', 'CHARLOTTE BAG PINK POLKADOT'})"
0.012026507404074287,"frozenset({'WOODLAND CHARLOTTE BAG', 'CHARLOTTE BAG SUKI DESIGN', 'CHARLOTTE BAG PINK POLKADOT'})"
0.013417327988218932,"frozenset({'RED RETROSPOT CHARLOTTE BAG', 'STRAWBERRY CHARLOTTE BAG', 'CHARLOTTE BAG PINK POLKADOT'})"
0.013335515012681012,"frozenset({'WOODLAND CHARLOTTE BAG', 'RED RETROSPOT CHARLOTTE BAG', 'CHARLOTTE BAG PINK POLKADOT'})"
0.010799312771005482,"frozenset({'WOODLAND CHARLOTTE BAG', 'STRAWBERRY CHARLOTTE BAG', 'CHARLOTTE BAG PINK POLKADOT'})"
0.0106765933076986,"frozenset({'RED RETROSPOT CHARLOTTE BAG', 'CHARLOTTE BAG SUKI DESIGN', 'LUNCH BAG RED RETROSPOT'})"
0.013744579890370612,"frozenset({'RED RETROSPOT CHARLOTTE BAG', 'CHARLOTTE BAG SUKI DESIGN', 'STRAWBERRY CHARLOTTE BAG'})"
0.013785486378139573,"frozenset({'WOODLAND CHARLOTTE BAG', 'RED RETROSPOT CHARLOTTE BAG', 'CHARLOTTE BAG SUKI DESIGN'})"
0.012435572281763887,"frozenset({'WOODLAND CHARLOTTE BAG', 'CHARLOTTE BAG SUKI DESIGN', 'STRAWBERRY CHARLOTTE BAG'})"
0.011331097112001963,"frozenset({'DOTCOM POSTAGE', 'JUMBO BAG PINK POLKADOT', 'JUMBO BAG RED RETROSPOT'})"
0.011167471160926123,"frozenset({'DOTCOM POSTAGE', 'JUMBO BAG RED RETROSPOT', 'JUMBO BAG WOODLAND ANIMALS'})"
0.011453816575308844,"frozenset({'DOTCOM POSTAGE', 'JUMBO SHOPPER VINTAGE RED PAISLEY', 'JUMBO BAG RED RETROSPOT'})"
0.011781068477460525,"frozenset({'DOTCOM POSTAGE', 'JUMBO BAG RED RETROSPOT', 'JUMBO STORAGE BAG SUKI'})"
0.01043115438108484,"frozenset({'DOTCOM POSTAGE', 'JUMBO BAG RED RETROSPOT', 'RECYCLING BAG RETROSPOT '})"
0.010185715454471079,"frozenset({'DOTCOM POSTAGE', 'JUMBO BAG RED RETROSPOT', 'SUKI  SHOULDER BAG'})"
0.010635686819929642,"frozenset({'DOTCOM POSTAGE', 'JUMBO STORAGE BAG SUKI', 'JUMBO BAG WOODLAND ANIMALS'})"
0.01043115438108484,"frozenset({'DOTCOM POSTAGE', 'JUMBO SHOPPER VINTAGE RED PAISLEY', 'JUMBO STORAGE BAG SUKI'})"
0.014153644768060214,"frozenset({'REGENCY CAKESTAND 3 TIER', 'GREEN REGENCY TEACUP AND SAUCER', 'PINK REGENCY TEACUP AND SAUCER'})"
0.022457661785159126,"frozenset({'GREEN REGENCY TEACUP AND SAUCER', 'PINK REGENCY TEACUP AND SAUCER', 'ROSES REGENCY TEACUP AND SAUCER '})"
0.016853472960811584,"frozenset({'REGENCY CAKESTAND 3 TIER', 'GREEN REGENCY TEACUP AND SAUCER', 'ROSES REGENCY TEACUP AND SAUCER '})"
0.013417327988218932,"frozenset({'JUMBO BAG PINK POLKADOT', 'JUMBO BAG RED RETROSPOT', 'JUMBO  BAG BAROQUE BLACK WHITE'})"
0.01284463715945349,"frozenset({'JUMBO SHOPPER VINTAGE RED PAISLEY', 'JUMBO BAG RED RETROSPOT', 'JUMBO  BAG BAROQUE BLACK WHITE'})"
0.01304916959829829,"frozenset({'JUMBO BAG RED RETROSPOT', 'JUMBO  BAG BAROQUE BLACK WHITE', 'JUMBO STORAGE BAG SUKI'})"
0.0100629959911642,"frozenset({'JUMBO SHOPPER VINTAGE RED PAISLEY', 'JUMBO STORAGE BAG SUKI', 'JUMBO  BAG BAROQUE BLACK WHITE'})"
0.011985600916305326,"frozenset({'JUMBO BAG PINK POLKADOT', 'JUMBO BAG RED RETROSPOT', 'JUMBO BAG APPLES'})"
0.01014480896670212,"frozenset({'JUMBO SHOPPER VINTAGE RED PAISLEY', 'JUMBO BAG RED RETROSPOT', 'JUMBO BAG APPLES'})"
0.011617442526384684,"frozenset({'JUMBO BAG RED RETROSPOT', 'JUMBO STORAGE BAG SUKI', 'JUMBO BAG APPLES'})"
0.012149226867381166,"frozenset({'JUMBO BAG PINK POLKADOT', 'JUMBO BAG RED RETROSPOT', 'JUMBO BAG PINK VINTAGE PAISLEY'})"
0.011003845209850283,"frozenset({'JUMBO BAG PINK POLKADOT', 'JUMBO BAG RED RETROSPOT', 'JUMBO BAG SCANDINAVIAN BLUE PAISLEY'})"
0.010840219258774441,"frozenset({'JUMBO BAG PINK POLKADOT', 'JUMBO BAG RED RETROSPOT', 'JUMBO BAG SPACEBOY DESIGN'})"
0.011453816575308844,"frozenset({'JUMBO BAG PINK POLKADOT', 'JUMBO BAG RED RETROSPOT', 'JUMBO BAG STRAWBERRY'})"
0.014030925304753333,"frozenset({'JUMBO BAG PINK POLKADOT', 'JUMBO BAG RED RETROSPOT', 'JUMBO BAG WOODLAND ANIMALS'})"
0.01554446535220486,"frozenset({'JUMBO SHOPPER VINTAGE RED PAISLEY', 'JUMBO BAG PINK POLKADOT', 'JUMBO BAG RED RETROSPOT'})"
0.01043115438108484,"frozenset({'JUMBO BAG PINK POLKADOT', 'JUMBO BAG RED RETROSPOT', 'JUMBO STORAGE BAG SKULLS'})"
0.017017098911887425,"frozenset({'JUMBO BAG PINK POLKADOT', 'JUMBO BAG RED RETROSPOT', 'JUMBO STORAGE BAG SUKI'})"
0.01022662194224004,"frozenset({'JUMBO BAG PINK POLKADOT', 'JUMBO BAG RED RETROSPOT', 'LUNCH BAG RED RETROSPOT'})"
0.01039024789331588,"frozenset({'JUMBO BAG PINK POLKADOT', 'JUMBO SHOPPER VINTAGE RED PAISLEY', 'JUMBO BAG WOODLAND ANIMALS'})"
0.011412910087539883,"frozenset({'JUMBO BAG PINK POLKADOT', 'JUMBO STORAGE BAG SUKI', 'JUMBO BAG WOODLAND ANIMALS'})"
0.01268101120837765,"frozenset({'JUMBO BAG PINK POLKADOT', 'JUMBO SHOPPER VINTAGE RED PAISLEY', 'JUMBO STORAGE BAG SUKI'})"
0.01034934140554692,"frozenset({'JUMBO BAG PINK VINTAGE PAISLEY', 'JUMBO BAG RED RETROSPOT', 'JUMBO BAG SCANDINAVIAN BLUE PAISLEY'})"
0.011985600916305326,"frozenset({'JUMBO SHOPPER VINTAGE RED PAISLEY', 'JUMBO BAG PINK VINTAGE PAISLEY', 'JUMBO BAG RED RETROSPOT'})"
0.011003845209850283,"frozenset({'JUMBO BAG PINK VINTAGE PAISLEY', 'JUMBO BAG RED RETROSPOT', 'JUMBO STORAGE BAG SUKI'})"
0.011331097112001963,"frozenset({'JUMBO SHOPPER VINTAGE RED PAISLEY', 'JUMBO BAG RED RETROSPOT', 'JUMBO BAG SCANDINAVIAN BLUE PAISLEY'})"
0.01055387384439172,"frozenset({'JUMBO BAG RED RETROSPOT', 'JUMBO STORAGE BAG SUKI', 'JUMBO BAG SPACEBOY DESIGN'})"
0.010022089503395238,"frozenset({'JUMBO BAG RED RETROSPOT', 'JUMBO BAG STRAWBERRY', 'JUMBO STORAGE BAG SUKI'})"
0.012149226867381166,"frozenset({'JUMBO SHOPPER VINTAGE RED PAISLEY', 'JUMBO BAG RED RETROSPOT', 'JUMBO BAG WOODLAND ANIMALS'})"
0.013417327988218932,"frozenset({'JUMBO BAG RED RETROSPOT', 'JUMBO STORAGE BAG SUKI', 'JUMBO BAG WOODLAND ANIMALS'})"
0.015994436717663423,"frozenset({'JUMBO SHOPPER VINTAGE RED PAISLEY', 'JUMBO BAG RED RETROSPOT', 'JUMBO STORAGE BAG SUKI'})"
0.01059478033216068,"frozenset({'JUMBO BAG RED RETROSPOT', 'JUMBO STORAGE BAG SKULLS', 'JUMBO STORAGE BAG SUKI'})"
0.011249284136464043,"frozenset({'JUMBO SHOPPER VINTAGE RED PAISLEY', 'JUMBO STORAGE BAG SUKI', 'JUMBO BAG WOODLAND ANIMALS'})"
0.011126564673157162,"frozenset({'LUNCH BAG APPLE DESIGN', 'LUNCH BAG  BLACK SKULL.', 'LUNCH BAG RED RETROSPOT'})"
0.010962938722081322,"frozenset({'LUNCH BAG APPLE DESIGN', 'LUNCH BAG  BLACK SKULL.', 'LUNCH BAG SUKI DESIGN '})"
0.012721917696146608,"frozenset({'LUNCH BAG PINK POLKADOT', 'LUNCH BAG CARS BLUE', 'LUNCH BAG  BLACK SKULL.'})"
0.013253702037143092,"frozenset({'LUNCH BAG CARS BLUE', 'LUNCH BAG RED RETROSPOT', 'LUNCH BAG  BLACK SKULL.'})"
0.011699255501922605,"frozenset({'LUNCH BAG CARS BLUE', 'LUNCH BAG SPACEBOY DESIGN ', 'LUNCH BAG  BLACK SKULL.'})"
0.011617442526384684,"frozenset({'LUNCH BAG CARS BLUE', 'LUNCH BAG SUKI DESIGN ', 'LUNCH BAG  BLACK SKULL.'})"
0.01055387384439172,"frozenset({'LUNCH BAG WOODLAND', 'LUNCH BAG CARS BLUE', 'LUNCH BAG  BLACK SKULL.'})"
0.014808148572363577,"frozenset({'LUNCH BAG PINK POLKADOT', 'LUNCH BAG  BLACK SKULL.', 'LUNCH BAG RED RETROSPOT'})"
0.010881125746543402,"frozenset({'LUNCH BAG PINK POLKADOT', 'LUNCH BAG  BLACK SKULL.', 'LUNCH BAG SPACEBOY DESIGN '})"
0.010840219258774441,"frozenset({'LUNCH BAG PINK POLKADOT', 'LUNCH BAG  BLACK SKULL.', 'LUNCH BAG SUKI DESIGN '})"
0.010185715454471079,"frozenset({'LUNCH BAG WOODLAND', 'LUNCH BAG PINK POLKADOT', 'LUNCH BAG  BLACK SKULL.'})"
0.01300826311052933,"frozenset({'LUNCH BAG  BLACK SKULL.', 'LUNCH BAG RED RETROSPOT', 'LUNCH BAG SPACEBOY DESIGN '})"
0.013335515012681012,"frozenset({'LUNCH BAG  BLACK SKULL.', 'LUNCH BAG RED RETROSPOT', 'LUNCH BAG SUKI DESIGN '})"
0.011862881452998445,"frozenset({'LUNCH BAG WOODLAND', 'LUNCH BAG  BLACK SKULL.', 'LUNCH BAG RED RETROSPOT'})"
0.011290190624233004,"frozenset({'LUNCH BAG SUKI DESIGN ', 'LUNCH BAG SPACEBOY DESIGN ', 'LUNCH BAG  BLACK SKULL.'})"
0.010758406283236521,"frozenset({'LUNCH BAG WOODLAND', 'LUNCH BAG  BLACK SKULL.', 'LUNCH BAG SPACEBOY DESIGN '})"
0.010022089503395238,"frozenset({'LUNCH BAG WOODLAND', 'LUNCH BAG  BLACK SKULL.', 'LUNCH BAG SUKI DESIGN '})"
0.01022662194224004,"frozenset({'LUNCH BAG APPLE DESIGN', 'LUNCH BAG RED RETROSPOT', 'LUNCH BAG SPACEBOY DESIGN '})"
0.011617442526384684,"frozenset({'LUNCH BAG APPLE DESIGN', 'LUNCH BAG RED RETROSPOT', 'LUNCH BAG SUKI DESIGN '})"
0.01329460852491205,"frozenset({'LUNCH BAG PINK POLKADOT', 'LUNCH BAG CARS BLUE', 'LUNCH BAG RED RETROSPOT'})"
0.010881125746543402,"frozenset({'LUNCH BAG PINK POLKADOT', 'LUNCH BAG CARS BLUE', 'LUNCH BAG SPACEBOY DESIGN '})"
0.012108320379612207,"frozenset({'LUNCH BAG CARS BLUE', 'LUNCH BAG RED RETROSPOT', 'LUNCH BAG SPACEBOY DESIGN '})"
0.012190133355150127,"frozenset({'LUNCH BAG CARS BLUE', 'LUNCH BAG RED RETROSPOT', 'LUNCH BAG SUKI DESIGN '})"
0.011576536038615725,"frozenset({'LUNCH BAG WOODLAND', 'LUNCH BAG CARS BLUE', 'LUNCH BAG RED RETROSPOT'})"
0.010799312771005482,"frozenset({'LUNCH BAG CARS BLUE', 'LUNCH BAG SUKI DESIGN ', 'LUNCH BAG SPACEBOY DESIGN '})"
0.010799312771005482,"frozenset({'LUNCH BAG WOODLAND', 'LUNCH BAG CARS BLUE', 'LUNCH BAG SPACEBOY DESIGN '})"
0.011985600916305326,"frozenset({'LUNCH BAG PINK POLKADOT', 'LUNCH BAG RED RETROSPOT', 'LUNCH BAG SPACEBOY DESIGN '})"
0.012149226867381166,"frozenset({'LUNCH BAG PINK POLKADOT', 'LUNCH BAG RED RETROSPOT', 'LUNCH BAG SUKI DESIGN '})"
0.011699255501922605,"frozenset({'LUNCH BAG WOODLAND', 'LUNCH BAG PINK POLKADOT', 'LUNCH BAG RED RETROSPOT'})"
0.011699255501922605,"frozenset({'LUNCH BAG SUKI DESIGN ', 'LUNCH BAG RED RETROSPOT', 'LUNCH BAG SPACEBOY DESIGN '})"
0.012558291745070768,"frozenset({'LUNCH BAG WOODLAND', 'LUNCH BAG RED RETROSPOT', 'LUNCH BAG SPACEBOY DESIGN '})"
0.011290190624233004,"frozenset({'LUNCH BAG WOODLAND', 'LUNCH BAG RED RETROSPOT', 'LUNCH BAG SUKI DESIGN '})"
0.013785486378139573,"frozenset({'REGENCY CAKESTAND 3 TIER', 'PINK REGENCY TEACUP AND SAUCER', 'ROSES REGENCY TEACUP AND SAUCER '})"
0.013417327988218932,"frozenset({'WOODLAND CHARLOTTE BAG', 'RED RETROSPOT CHARLOTTE BAG', 'STRAWBERRY CHARLOTTE BAG'})"
0.01055387384439172,"frozenset({'REGENCY TEA PLATE ROSES ', 'REGENCY TEA PLATE PINK', 'REGENCY TEA PLATE GREEN '})"
0.010840219258774441,"frozenset({'SET/20 RED RETROSPOT PAPER NAPKINS ', 'SET/6 RED SPOTTY PAPER PLATES', 'SET/6 RED SPOTTY PAPER CUPS'})"
0.010103902478933158,"frozenset({'RED RETROSPOT CHARLOTTE BAG', 'CHARLOTTE BAG SUKI DESIGN', 'STRAWBERRY CHARLOTTE BAG', 'CHARLOTTE BAG PINK POLKADOT'})"
0.01030843491777796,"frozenset({'WOODLAND CHARLOTTE BAG', 'RED RETROSPOT CHARLOTTE BAG', 'CHARLOTTE BAG SUKI DESIGN', 'CHARLOTTE BAG PINK POLKADOT'})"
0.0106765933076986,"frozenset({'WOODLAND CHARLOTTE BAG', 'RED RETROSPOT CHARLOTTE BAG', 'CHARLOTTE BAG SUKI DESIGN', 'STRAWBERRY CHARLOTTE BAG'})"
0.012394665793994928,"frozenset({'REGENCY CAKESTAND 3 TIER', 'GREEN REGENCY TEACUP AND SAUCER', 'PINK REGENCY TEACUP AND SAUCER', 'ROSES REGENCY TEACUP AND SAUCER '})"
0.011003845209850283,"frozenset({'JUMBO SHOPPER VINTAGE RED PAISLEY', 'JUMBO BAG PINK POLKADOT', 'JUMBO BAG RED RETROSPOT', 'JUMBO STORAGE BAG SUKI'})"
